<?xml version="1.0" encoding="utf-8"?><gpx version="1.1" creator="MySchweizMobil - https://map.schweizmobil.ch/" xmlns:xsi="http://www.w3.org/2001/XMLSchema-instance" xmlns="http://www.topografix.com/GPX/1/1" xsi:schemaLocation="http://www.topografix.com/GPX/1/1 http://www.topografix.com/GPX/1/1/gpx.xsd"><metadata><name>Aletsch HM</name><bounds minlat="46.361180409789085" minlon="8.011190337594599" maxlat="46.410670526791364" maxlon="8.082610333804041" /></metadata><trk><name>Aletsch HM</name><trkseg><trkpt lat="46.38627038523555" lon="8.057610318996012"><ele>1923.4599914550781</ele></trkpt><trkpt lat="46.386410385370255" lon="8.057720319367945"><ele>1923.6999816894531</ele></trkpt><trkpt lat="46.38645038520917" lon="8.057750319130719"><ele>1923.8599853515625</ele></trkpt><trkpt lat="46.386520385276526" lon="8.057800319511443"><ele>1924.0999755859375</ele></trkpt><trkpt lat="46.38655038550496" lon="8.057810319121927"><ele>1924.1899719238281</ele></trkpt><trkpt lat="46.386600385420024" lon="8.057840319350362"><ele>1924.3999938964844</ele></trkpt><trkpt lat="46.38667038548738" lon="8.057860319502652"><ele>1924.7599792480469</ele></trkpt><trkpt lat="46.38667038548738" lon="8.057870319578797"><ele>1924.7799987792969</ele></trkpt><trkpt lat="46.38672038540244" lon="8.057870319578797"><ele>1925.0899963378906</ele></trkpt><trkpt lat="46.386790385469794" lon="8.057880319654942"><ele>1925.4499816894531</ele></trkpt><trkpt lat="46.38684038585052" lon="8.057890319731086"><ele>1925.7899780273438</ele></trkpt><trkpt lat="46.387000386137515" lon="8.057880319654942"><ele>1926.7799987792969</ele></trkpt><trkpt lat="46.38703038590029" lon="8.057880319654942"><ele>1927.0099792480469</ele></trkpt><trkpt lat="46.38711038604379" lon="8.057890319731086"><ele>1927.5699768066406</ele></trkpt><trkpt lat="46.387170386034995" lon="8.057900319807231"><ele>1928.0099792480469</ele></trkpt><trkpt lat="46.38724038610235" lon="8.057930320035666"><ele>1928.489990234375</ele></trkpt><trkpt lat="46.38725038617849" lon="8.057940320111811"><ele>1928.5999755859375</ele></trkpt><trkpt lat="46.38729038648307" lon="8.057960320264101"><ele>1928.8199768066406</ele></trkpt><trkpt lat="46.3873103861697" lon="8.05798031995073"><ele>1928.97998046875</ele></trkpt><trkpt lat="46.38732038624585" lon="8.057990320026875"><ele>1929.0499877929688</ele></trkpt><trkpt lat="46.3873903863132" lon="8.058050320018083"><ele>1929.5199890136719</ele></trkpt><trkpt lat="46.387420386541635" lon="8.058080320246518"><ele>1929.739990234375</ele></trkpt><trkpt lat="46.38753038691357" lon="8.058230320457369"><ele>1930.6799926757812</ele></trkpt><trkpt lat="46.387670387048274" lon="8.058400320354849"><ele>1931.9099731445312</ele></trkpt><trkpt lat="46.387690387200564" lon="8.058420320507139"><ele>1932.0599975585938</ele></trkpt><trkpt lat="46.38774038711563" lon="8.058480320498347"><ele>1932.47998046875</ele></trkpt><trkpt lat="46.387800387106836" lon="8.058540320955217"><ele>1932.969970703125</ele></trkpt><trkpt lat="46.38795038731769" lon="8.058670321013778"><ele>1933.9299926757812</ele></trkpt><trkpt lat="46.38804038753733" lon="8.058730321004987"><ele>1934.4599914550781</ele></trkpt><trkpt lat="46.38835038803518" lon="8.058920321520418"><ele>1936.2099914550781</ele></trkpt><trkpt lat="46.38840038795024" lon="8.058970321435481"><ele>1936.5399780273438</ele></trkpt><trkpt lat="46.38841038802639" lon="8.058990321587771"><ele>1936.6899719238281</ele></trkpt><trkpt lat="46.38848038809374" lon="8.059090321417898"><ele>1937.1999816894531</ele></trkpt><trkpt lat="46.388490388169885" lon="8.059100321494043"><ele>1937.3099975585938</ele></trkpt><trkpt lat="46.38852038793266" lon="8.059150321409106"><ele>1937.5399780273438</ele></trkpt><trkpt lat="46.38857038831338" lon="8.059230321552604"><ele>1937.97998046875</ele></trkpt><trkpt lat="46.388640388380736" lon="8.059330321848392"><ele>1938.469970703125</ele></trkpt><trkpt lat="46.388640388380736" lon="8.059330321848392"><ele>1938.469970703125</ele></trkpt><trkpt lat="46.38867038814351" lon="8.059370321687311"><ele>1938.6899719238281</ele></trkpt><trkpt lat="46.38880038866773" lon="8.059540322050452"><ele>1939.5299987792969</ele></trkpt><trkpt lat="46.38884038850665" lon="8.059610322117805"><ele>1939.8499755859375</ele></trkpt><trkpt lat="46.38888038881123" lon="8.059670322109014"><ele>1940.1999816894531</ele></trkpt><trkpt lat="46.388930388726294" lon="8.059750322252512"><ele>1940.6099853515625</ele></trkpt><trkpt lat="46.38894038880244" lon="8.059760321862996"><ele>1940.6999816894531</ele></trkpt><trkpt lat="46.3889903887175" lon="8.059840322006494"><ele>1941.0</ele></trkpt><trkpt lat="46.38900038879365" lon="8.059860322158784"><ele>1941.0999755859375</ele></trkpt><trkpt lat="46.38902038894594" lon="8.059890322387218"><ele>1941.2999877929688</ele></trkpt><trkpt lat="46.38904038909823" lon="8.059930322226137"><ele>1941.4299926757812</ele></trkpt><trkpt lat="46.389070388861" lon="8.059990322217345"><ele>1941.6999816894531</ele></trkpt><trkpt lat="46.389080388937145" lon="8.060060322284698"><ele>1942.0799865722656</ele></trkpt><trkpt lat="46.389100389089435" lon="8.060160322580487"><ele>1942.4199829101562</ele></trkpt><trkpt lat="46.389100389089435" lon="8.06021032249555"><ele>1942.5799865722656</ele></trkpt><trkpt lat="46.38911038916558" lon="8.060290322639048"><ele>1942.8299865722656</ele></trkpt><trkpt lat="46.389120389241725" lon="8.060330322477967"><ele>1943.0299987792969</ele></trkpt><trkpt lat="46.38913038931787" lon="8.06038032239303"><ele>1943.1699829101562</ele></trkpt><trkpt lat="46.389140389394015" lon="8.060430322773755"><ele>1943.3999938964844</ele></trkpt><trkpt lat="46.38915038947016" lon="8.060460322536528"><ele>1943.4499816894531</ele></trkpt><trkpt lat="46.38917038915679" lon="8.060500322375447"><ele>1943.6099853515625</ele></trkpt><trkpt lat="46.38925038930029" lon="8.060650322586298"><ele>1944.239990234375</ele></trkpt><trkpt lat="46.38934038951993" lon="8.060810322873294"><ele>1945.1199951171875</ele></trkpt><trkpt lat="46.38938038982451" lon="8.060880322940648"><ele>1945.4499816894531</ele></trkpt><trkpt lat="46.38951038988307" lon="8.06116032321006"><ele>1946.4199829101562</ele></trkpt><trkpt lat="46.389560389798135" lon="8.061260323040187"><ele>1946.5799865722656</ele></trkpt><trkpt lat="46.38959039002657" lon="8.061320323031396"><ele>1946.6699829101562</ele></trkpt><trkpt lat="46.38978039007634" lon="8.061600323300809"><ele>1947.0499877929688</ele></trkpt><trkpt lat="46.389790390152484" lon="8.061620322987437"><ele>1947.1999816894531</ele></trkpt><trkpt lat="46.3899103901349" lon="8.061820323113352"><ele>1947.3599853515625</ele></trkpt><trkpt lat="46.389940389897674" lon="8.061860323417932"><ele>1947.4499816894531</ele></trkpt><trkpt lat="46.3899903902784" lon="8.061940323095769"><ele>1947.6299743652344</ele></trkpt><trkpt lat="46.390110390260816" lon="8.062160323373973"><ele>1948.0299987792969</ele></trkpt><trkpt lat="46.39020039048046" lon="8.06232032366097"><ele>1948.4299926757812</ele></trkpt><trkpt lat="46.39027039054781" lon="8.062440323643386"><ele>1948.7899780273438</ele></trkpt><trkpt lat="46.390360390301794" lon="8.062570323701948"><ele>1949.1899719238281</ele></trkpt><trkpt lat="46.39043039036915" lon="8.062670323532075"><ele>1949.5099792480469</ele></trkpt><trkpt lat="46.390510390512645" lon="8.062770323827863"><ele>1950.1799926757812</ele></trkpt><trkpt lat="46.390530390664935" lon="8.062790323980153"><ele>1950.4199829101562</ele></trkpt><trkpt lat="46.39060039073229" lon="8.06289032381028"><ele>1950.6999816894531</ele></trkpt><trkpt lat="46.390760391019285" lon="8.063120324164629"><ele>1951.719970703125</ele></trkpt><trkpt lat="46.390760391019285" lon="8.063130324240774"><ele>1951.75</ele></trkpt><trkpt lat="46.390780391171575" lon="8.063170324079692"><ele>1951.9199829101562</ele></trkpt><trkpt lat="46.3908003908582" lon="8.063200324308127"><ele>1952.0999755859375</ele></trkpt><trkpt lat="46.3908003908582" lon="8.063200324308127"><ele>1952.1099853515625</ele></trkpt><trkpt lat="46.39082039101049" lon="8.06325032422319"><ele>1952.3099975585938</ele></trkpt><trkpt lat="46.39092039130628" lon="8.063480324111879"><ele>1953.3499755859375</ele></trkpt><trkpt lat="46.39094039145857" lon="8.063520324416459"><ele>1953.5599975585938</ele></trkpt><trkpt lat="46.390970391221344" lon="8.063620324246585"><ele>1953.989990234375</ele></trkpt><trkpt lat="46.390970391221344" lon="8.063620324246585"><ele>1954.0</ele></trkpt><trkpt lat="46.390990391373634" lon="8.06367032462731"><ele>1954.1999816894531</ele></trkpt><trkpt lat="46.391010391525924" lon="8.063740324694663"><ele>1954.47998046875</ele></trkpt><trkpt lat="46.391010391525924" lon="8.063740324694663"><ele>1954.47998046875</ele></trkpt><trkpt lat="46.39107039151713" lon="8.063880324363708"><ele>1954.8799743652344</ele></trkpt><trkpt lat="46.391120391432196" lon="8.064020324498415"><ele>1955.239990234375</ele></trkpt><trkpt lat="46.391160391736776" lon="8.064110324718058"><ele>1955.4399719238281</ele></trkpt><trkpt lat="46.39119039149955" lon="8.064170324709266"><ele>1955.5399780273438</ele></trkpt><trkpt lat="46.39123039180413" lon="8.06422032462433"><ele>1955.6799926757812</ele></trkpt><trkpt lat="46.391370391938835" lon="8.064400324597955"><ele>1956.1699829101562</ele></trkpt><trkpt lat="46.39157039206475" lon="8.064670324791223"><ele>1956.8399963378906</ele></trkpt><trkpt lat="46.39165039220825" lon="8.064780325163156"><ele>1957.219970703125</ele></trkpt><trkpt lat="46.39169039204717" lon="8.064840325154364"><ele>1957.3799743652344</ele></trkpt><trkpt lat="46.3917203922756" lon="8.064910325221717"><ele>1957.5999755859375</ele></trkpt><trkpt lat="46.39173039235175" lon="8.06498032528907"><ele>1957.7599792480469</ele></trkpt><trkpt lat="46.39174039196223" lon="8.065070325043052"><ele>1957.9499816894531</ele></trkpt><trkpt lat="46.39174039242789" lon="8.065280325245112"><ele>1958.3399963378906</ele></trkpt><trkpt lat="46.391750392504036" lon="8.065410325303674"><ele>1958.4499816894531</ele></trkpt><trkpt lat="46.391770392190665" lon="8.065570325125009"><ele>1958.5</ele></trkpt><trkpt lat="46.39184039225802" lon="8.06608032528311"><ele>1958.0399780273438</ele></trkpt><trkpt lat="46.39190039224923" lon="8.066430325154215"><ele>1957.8099975585938</ele></trkpt><trkpt lat="46.39191039232537" lon="8.066510325297713"><ele>1957.72998046875</ele></trkpt><trkpt lat="46.39191039232537" lon="8.066600325051695"><ele>1957.6599731445312</ele></trkpt><trkpt lat="46.39191039232537" lon="8.066700325347483"><ele>1957.5499877929688</ele></trkpt><trkpt lat="46.39190039224923" lon="8.066810325253755"><ele>1957.4499816894531</ele></trkpt><trkpt lat="46.39189039217308" lon="8.066900325007737"><ele>1957.4499816894531</ele></trkpt><trkpt lat="46.39187039202079" lon="8.06699032522738"><ele>1957.3699951171875</ele></trkpt><trkpt lat="46.39184039225802" lon="8.067070324905217"><ele>1957.2899780273438</ele></trkpt><trkpt lat="46.391790391877294" lon="8.067220325116068"><ele>1957.1299743652344</ele></trkpt><trkpt lat="46.391770392190665" lon="8.067260324954987"><ele>1957.1299743652344</ele></trkpt><trkpt lat="46.39174039196223" lon="8.06733032502234"><ele>1957.0499877929688</ele></trkpt><trkpt lat="46.39171039219946" lon="8.067380324937403"><ele>1957.0099792480469</ele></trkpt><trkpt lat="46.39166039181873" lon="8.067440324928612"><ele>1956.8999938964844</ele></trkpt><trkpt lat="46.391600391827524" lon="8.067480325233191"><ele>1956.8399963378906</ele></trkpt><trkpt lat="46.39153039176017" lon="8.06750032491982"><ele>1956.6699829101562</ele></trkpt><trkpt lat="46.39146039169282" lon="8.06750032491982"><ele>1956.5399780273438</ele></trkpt><trkpt lat="46.391390392091125" lon="8.06748032476753"><ele>1956.3899841308594</ele></trkpt><trkpt lat="46.39111039182171" lon="8.067370324861258"><ele>1955.7099914550781</ele></trkpt><trkpt lat="46.39107039151713" lon="8.067360324785113"><ele>1955.5899963378906</ele></trkpt><trkpt lat="46.391030391678214" lon="8.067350324708968"><ele>1955.469970703125</ele></trkpt><trkpt lat="46.39098039176315" lon="8.067370324861258"><ele>1955.22998046875</ele></trkpt><trkpt lat="46.39096039161086" lon="8.067390325013548"><ele>1955.1699829101562</ele></trkpt><trkpt lat="46.39094039145857" lon="8.067440324928612"><ele>1955.0499877929688</ele></trkpt><trkpt lat="46.39092039177194" lon="8.067510324530303"><ele>1954.8799743652344</ele></trkpt><trkpt lat="46.3909103916958" lon="8.067560324911028"><ele>1954.7799987792969</ele></trkpt><trkpt lat="46.39090039161965" lon="8.067590324673802"><ele>1954.75</ele></trkpt><trkpt lat="46.39088039146736" lon="8.06765032466501"><ele>1954.6699829101562</ele></trkpt><trkpt lat="46.39086039131507" lon="8.067690324503928"><ele>1954.5999755859375</ele></trkpt><trkpt lat="46.3908303915523" lon="8.067760324571282"><ele>1954.4499816894531</ele></trkpt><trkpt lat="46.39079039124772" lon="8.06782032456249"><ele>1954.3699951171875</ele></trkpt><trkpt lat="46.39077039156109" lon="8.067850324790925"><ele>1954.2699890136719</ele></trkpt><trkpt lat="46.390720391180366" lon="8.067910324782133"><ele>1954.0599975585938</ele></trkpt><trkpt lat="46.39069039141759" lon="8.067930324468762"><ele>1953.9399719238281</ele></trkpt><trkpt lat="46.39066039118916" lon="8.067950324621052"><ele>1953.8599853515625</ele></trkpt><trkpt lat="46.39064039150253" lon="8.067960324697196"><ele>1953.7899780273438</ele></trkpt><trkpt lat="46.39064039150253" lon="8.067960324697196"><ele>1953.7999877929688</ele></trkpt><trkpt lat="46.39051039144397" lon="8.068020324688405"><ele>1953.9099731445312</ele></trkpt><trkpt lat="46.390420391224325" lon="8.068160324823111"><ele>1953.7899780273438</ele></trkpt><trkpt lat="46.39041039114818" lon="8.068170324433595"><ele>1953.7999877929688</ele></trkpt><trkpt lat="46.390400391537696" lon="8.06818032450974"><ele>1953.7699890136719</ele></trkpt><trkpt lat="46.39037039130926" lon="8.06820032466203"><ele>1953.6999816894531</ele></trkpt><trkpt lat="46.39017039118335" lon="8.06820032466203"><ele>1953.7999877929688</ele></trkpt><trkpt lat="46.39014039142057" lon="8.068230324424803"><ele>1953.7999877929688</ele></trkpt><trkpt lat="46.39012039126828" lon="8.068280324805528"><ele>1953.7999877929688</ele></trkpt><trkpt lat="46.39010039111599" lon="8.068340324796736"><ele>1953.7999877929688</ele></trkpt><trkpt lat="46.390060391277075" lon="8.068450324703008"><ele>1953.7999877929688</ele></trkpt><trkpt lat="46.3900303915143" lon="8.06858032476157"><ele>1953.7999877929688</ele></trkpt><trkpt lat="46.3899503913708" lon="8.068880324717611"><ele>1954.1999816894531</ele></trkpt><trkpt lat="46.38992039160803" lon="8.068980324547738"><ele>1954.3999938964844</ele></trkpt><trkpt lat="46.38990039145574" lon="8.069040324538946"><ele>1954.469970703125</ele></trkpt><trkpt lat="46.389890391379595" lon="8.069070324767381"><ele>1954.5</ele></trkpt><trkpt lat="46.389870391227305" lon="8.069120324682444"><ele>1954.5699768066406</ele></trkpt><trkpt lat="46.38986039161682" lon="8.069190324749798"><ele>1954.6499938964844</ele></trkpt><trkpt lat="46.389850391540676" lon="8.06930032465607"><ele>1954.6799926757812</ele></trkpt><trkpt lat="46.389850391540676" lon="8.069350324571133"><ele>1954.72998046875</ele></trkpt><trkpt lat="46.389850391540676" lon="8.069400324951857"><ele>1954.7799987792969</ele></trkpt><trkpt lat="46.389850391540676" lon="8.069440324790776"><ele>1954.8299865722656</ele></trkpt><trkpt lat="46.389850391540676" lon="8.06949032470584"><ele>1954.8999938964844</ele></trkpt><trkpt lat="46.38990039145574" lon="8.069730324670672"><ele>1955.0699768066406</ele></trkpt><trkpt lat="46.389930391684175" lon="8.06985032511875"><ele>1955.0999755859375</ele></trkpt><trkpt lat="46.3899503913708" lon="8.069940324872732"><ele>1955.0599975585938</ele></trkpt><trkpt lat="46.3899503913708" lon="8.070030325092375"><ele>1955.0999755859375</ele></trkpt><trkpt lat="46.3899503913708" lon="8.070120324846357"><ele>1955.0</ele></trkpt><trkpt lat="46.38994039129466" lon="8.07019032491371"><ele>1954.7999877929688</ele></trkpt><trkpt lat="46.389930391684175" lon="8.070290324743837"><ele>1954.7999877929688</ele></trkpt><trkpt lat="46.389910391531885" lon="8.07038032496348"><ele>1954.7699890136719</ele></trkpt><trkpt lat="46.389910391531885" lon="8.070390325039625"><ele>1954.7699890136719</ele></trkpt><trkpt lat="46.389870391692966" lon="8.070500324945897"><ele>1954.8599853515625</ele></trkpt><trkpt lat="46.389850391540676" lon="8.07057032501325"><ele>1954.9299926757812</ele></trkpt><trkpt lat="46.38980039162561" lon="8.070640325080603"><ele>1955.1399841308594</ele></trkpt><trkpt lat="46.38979039154947" lon="8.070660324767232"><ele>1955.1799926757812</ele></trkpt><trkpt lat="46.389760391786695" lon="8.070700325071812"><ele>1955.2699890136719</ele></trkpt><trkpt lat="46.389720391482115" lon="8.070750324986875"><ele>1955.47998046875</ele></trkpt><trkpt lat="46.38971039187163" lon="8.070800324901938"><ele>1955.7799987792969</ele></trkpt><trkpt lat="46.389680391643196" lon="8.070940325036645"><ele>1956.4099731445312</ele></trkpt><trkpt lat="46.38967039203271" lon="8.071030325256288"><ele>1956.6599731445312</ele></trkpt><trkpt lat="46.38965039188042" lon="8.071240325458348"><ele>1957.4199829101562</ele></trkpt><trkpt lat="46.38964039226994" lon="8.071290325373411"><ele>1957.6499938964844</ele></trkpt><trkpt lat="46.38965039188042" lon="8.071380325593054"><ele>1958.0099792480469</ele></trkpt><trkpt lat="46.38967039203271" lon="8.071480325423181"><ele>1958.3999938964844</ele></trkpt><trkpt lat="46.38968039210886" lon="8.07154032541439"><ele>1958.7799987792969</ele></trkpt><trkpt lat="46.38968039210886" lon="8.071600325405598"><ele>1959.1699829101562</ele></trkpt><trkpt lat="46.38968039257452" lon="8.071650325786322"><ele>1959.5599975585938</ele></trkpt><trkpt lat="46.38968039257452" lon="8.07169032562524"><ele>1959.7799987792969</ele></trkpt><trkpt lat="46.38966039242223" lon="8.071820325683802"><ele>1960.2899780273438</ele></trkpt><trkpt lat="46.389630392659456" lon="8.071930326055735"><ele>1961.0</ele></trkpt><trkpt lat="46.38961039297283" lon="8.072020325809717"><ele>1961.2999877929688</ele></trkpt><trkpt lat="46.38958039274439" lon="8.072060326114297"><ele>1961.3999938964844</ele></trkpt><trkpt lat="46.3895603925921" lon="8.072070326190442"><ele>1961.5299987792969</ele></trkpt><trkpt lat="46.389540392905474" lon="8.07209032587707"><ele>1961.6899719238281</ele></trkpt><trkpt lat="46.38949039299041" lon="8.072090326342732"><ele>1962.0899963378906</ele></trkpt><trkpt lat="46.38942039292306" lon="8.072050326038152"><ele>1962.4199829101562</ele></trkpt><trkpt lat="46.38938039308414" lon="8.072030326351523"><ele>1962.5199890136719</ele></trkpt><trkpt lat="46.38936039293185" lon="8.072020326275378"><ele>1962.5899963378906</ele></trkpt><trkpt lat="46.389290392864496" lon="8.072020326275378"><ele>1962.969970703125</ele></trkpt><trkpt lat="46.389200393110514" lon="8.072040326427668"><ele>1963.5499877929688</ele></trkpt><trkpt lat="46.389160393271595" lon="8.072050326503813"><ele>1963.8999938964844</ele></trkpt><trkpt lat="46.389140393119305" lon="8.072070326656103"><ele>1964.0999755859375</ele></trkpt><trkpt lat="46.38913039350882" lon="8.072070326656103"><ele>1964.219970703125</ele></trkpt><trkpt lat="46.38912039343268" lon="8.072130326647311"><ele>1964.6099853515625</ele></trkpt><trkpt lat="46.38913039350882" lon="8.072200326714665"><ele>1965.2099914550781</ele></trkpt><trkpt lat="46.38913039350882" lon="8.07221032679081"><ele>1965.2799987792969</ele></trkpt><trkpt lat="46.3891703938134" lon="8.072280326858163"><ele>1965.8799743652344</ele></trkpt><trkpt lat="46.38919039350003" lon="8.072320326697081"><ele>1966.0899963378906</ele></trkpt><trkpt lat="46.38921039365232" lon="8.072360327001661"><ele>1966.2999877929688</ele></trkpt><trkpt lat="46.38923039380461" lon="8.072390326764435"><ele>1966.739990234375</ele></trkpt><trkpt lat="46.38928039371967" lon="8.072460326831788"><ele>1967.1799926757812</ele></trkpt><trkpt lat="46.3893303941004" lon="8.07257032720372"><ele>1967.6199951171875</ele></trkpt><trkpt lat="46.38940039416775" lon="8.072700327262282"><ele>1967.8899841308594</ele></trkpt><trkpt lat="46.389430393930525" lon="8.07278032694012"><ele>1968.0899963378906</ele></trkpt><trkpt lat="46.38946039415896" lon="8.072820327244699"><ele>1968.1799926757812</ele></trkpt><trkpt lat="46.38948039431125" lon="8.072860327083617"><ele>1968.2799987792969</ele></trkpt><trkpt lat="46.38950039399788" lon="8.072920327074826"><ele>1968.3199768066406</ele></trkpt><trkpt lat="46.38952039415017" lon="8.072960327379405"><ele>1968.3599853515625</ele></trkpt><trkpt lat="46.38955039391294" lon="8.073030326981097"><ele>1967.9599914550781</ele></trkpt><trkpt lat="46.38959039375186" lon="8.073110327124596"><ele>1967.489990234375</ele></trkpt><trkpt lat="46.38968039350584" lon="8.07327032694593"><ele>1966.0799865722656</ele></trkpt><trkpt lat="46.389750393573195" lon="8.073410326614976"><ele>1965.739990234375</ele></trkpt><trkpt lat="46.38983039371669" lon="8.073570326901972"><ele>1965.6999816894531</ele></trkpt><trkpt lat="46.389880393631756" lon="8.073670326732099"><ele>1965.969970703125</ele></trkpt><trkpt lat="46.3898903937079" lon="8.073690326884389"><ele>1966.0199890136719</ele></trkpt><trkpt lat="46.38991039386019" lon="8.073750326875597"><ele>1966.0999755859375</ele></trkpt><trkpt lat="46.389920393470675" lon="8.073900327086449"><ele>1966.1199951171875</ele></trkpt><trkpt lat="46.38993039354682" lon="8.073940326925367"><ele>1966.219970703125</ele></trkpt><trkpt lat="46.389960393775254" lon="8.074000326916575"><ele>1966.4599914550781</ele></trkpt><trkpt lat="46.3899703938514" lon="8.07401032699272"><ele>1966.47998046875</ele></trkpt><trkpt lat="46.39001039369032" lon="8.074090327136219"><ele>1966.6399841308594</ele></trkpt><trkpt lat="46.39001039369032" lon="8.074090327136219"><ele>1966.6399841308594</ele></trkpt><trkpt lat="46.39008039375767" lon="8.074290326796472"><ele>1966.72998046875</ele></trkpt><trkpt lat="46.390110393986106" lon="8.074360326863825"><ele>1966.5</ele></trkpt><trkpt lat="46.39012039359659" lon="8.074400327168405"><ele>1966.5</ele></trkpt><trkpt lat="46.39014039374888" lon="8.074440327007324"><ele>1966.5</ele></trkpt><trkpt lat="46.390150393825024" lon="8.074520327150822"><ele>1966.2999877929688</ele></trkpt><trkpt lat="46.3901803935878" lon="8.074570327065885"><ele>1966.0999755859375</ele></trkpt><trkpt lat="46.39022039389238" lon="8.074630327057093"><ele>1965.9399719238281</ele></trkpt><trkpt lat="46.39023039350286" lon="8.074640326667577"><ele>1965.8799743652344</ele></trkpt><trkpt lat="46.390260393731296" lon="8.074700326658785"><ele>1965.47998046875</ele></trkpt><trkpt lat="46.390300393570215" lon="8.074780326802284"><ele>1965.22998046875</ele></trkpt><trkpt lat="46.390320393722504" lon="8.074820326641202"><ele>1965.0099792480469</ele></trkpt><trkpt lat="46.39036039356142" lon="8.074910326860845"><ele>1964.5</ele></trkpt><trkpt lat="46.39044039323926" lon="8.0750303263776"><ele>1964.0999755859375</ele></trkpt><trkpt lat="46.39050039323047" lon="8.075140326749533"><ele>1963.8199768066406</ele></trkpt><trkpt lat="46.390580393373966" lon="8.075290326494724"><ele>1963.6999816894531</ele></trkpt><trkpt lat="46.390640393365175" lon="8.075400326400995"><ele>1963.2999877929688</ele></trkpt><trkpt lat="46.39071039296687" lon="8.075530326459557"><ele>1963.0099792480469</ele></trkpt><trkpt lat="46.390770392958075" lon="8.075630326289684"><ele>1962.72998046875</ele></trkpt><trkpt lat="46.39082039287314" lon="8.075700326357037"><ele>1962.4399719238281</ele></trkpt><trkpt lat="46.39084039302543" lon="8.0757503262721"><ele>1962.2899780273438</ele></trkpt><trkpt lat="46.39086039317772" lon="8.07577032642439"><ele>1962.1999816894531</ele></trkpt><trkpt lat="46.39089039294049" lon="8.075840326491743"><ele>1962.0699768066406</ele></trkpt><trkpt lat="46.390920392703265" lon="8.075930326245725"><ele>1961.75</ele></trkpt><trkpt lat="46.390940392855555" lon="8.075990326236933"><ele>1961.47998046875</ele></trkpt><trkpt lat="46.3909503929317" lon="8.076010326389223"><ele>1961.3899841308594</ele></trkpt><trkpt lat="46.39097039261833" lon="8.076040326151997"><ele>1961.2099914550781</ele></trkpt><trkpt lat="46.39100039284676" lon="8.076100326143205"><ele>1960.8999938964844</ele></trkpt><trkpt lat="46.3911603926681" lon="8.076440325938165"><ele>1959.969970703125</ele></trkpt><trkpt lat="46.39121039258316" lon="8.076540326233953"><ele>1960.0299987792969</ele></trkpt><trkpt lat="46.391240392345935" lon="8.076610325835645"><ele>1960.0199890136719</ele></trkpt><trkpt lat="46.391260392498225" lon="8.07664032606408"><ele>1960.0199890136719</ele></trkpt><trkpt lat="46.39132039248943" lon="8.076750325970352"><ele>1960.2699890136719</ele></trkpt><trkpt lat="46.39138039248064" lon="8.07683032611385"><ele>1960.6599731445312</ele></trkpt><trkpt lat="46.391430392861366" lon="8.076900326181203"><ele>1960.989990234375</ele></trkpt><trkpt lat="46.391450392547995" lon="8.076930326409638"><ele>1961.0899963378906</ele></trkpt><trkpt lat="46.391470392700285" lon="8.076980326324701"><ele>1961.2999877929688</ele></trkpt><trkpt lat="46.39153039269149" lon="8.077070326544344"><ele>1961.8999938964844</ele></trkpt><trkpt lat="46.39161039330065" lon="8.07723032636568"><ele>1962.6399841308594</ele></trkpt><trkpt lat="46.39163039298728" lon="8.077260326594114"><ele>1962.8199768066406</ele></trkpt><trkpt lat="46.391660393215716" lon="8.077350326348096"><ele>1963.219970703125</ele></trkpt><trkpt lat="46.39173039328307" lon="8.077600326854736"><ele>1963.8999938964844</ele></trkpt><trkpt lat="46.39182039350271" lon="8.077840326819569"><ele>1964.6899719238281</ele></trkpt><trkpt lat="46.39185039373115" lon="8.077910326886922"><ele>1964.8999938964844</ele></trkpt><trkpt lat="46.391870393417776" lon="8.07795032672584"><ele>1965.0099792480469</ele></trkpt><trkpt lat="46.391910393722355" lon="8.078010326717049"><ele>1965.1999816894531</ele></trkpt><trkpt lat="46.3919203937985" lon="8.078050327021629"><ele>1965.3999938964844</ele></trkpt><trkpt lat="46.391950393561274" lon="8.078070327173918"><ele>1965.6099853515625</ele></trkpt><trkpt lat="46.39196039363742" lon="8.078080326784402"><ele>1965.6999816894531</ele></trkpt><trkpt lat="46.39199039386585" lon="8.078100326936692"><ele>1966.0</ele></trkpt><trkpt lat="46.39202039362863" lon="8.078120327088982"><ele>1966.1699829101562</ele></trkpt><trkpt lat="46.39203039370477" lon="8.078130327165127"><ele>1966.22998046875</ele></trkpt><trkpt lat="46.39209039369598" lon="8.07822032738477"><ele>1966.8699951171875</ele></trkpt><trkpt lat="46.39220039406791" lon="8.078400327358395"><ele>1967.9399719238281</ele></trkpt><trkpt lat="46.39221039414406" lon="8.078400327358395"><ele>1967.97998046875</ele></trkpt><trkpt lat="46.3923003943637" lon="8.078540327493101"><ele>1968.7099914550781</ele></trkpt><trkpt lat="46.392310394439846" lon="8.078560327645391"><ele>1968.7599792480469</ele></trkpt><trkpt lat="46.392350394278765" lon="8.07864032778889"><ele>1969.0</ele></trkpt><trkpt lat="46.39236039435491" lon="8.078650327399373"><ele>1969.0099792480469</ele></trkpt><trkpt lat="46.392370394431055" lon="8.078690327703953"><ele>1969.0</ele></trkpt><trkpt lat="46.392370394431055" lon="8.078700327780098"><ele>1968.989990234375</ele></trkpt><trkpt lat="46.3923803945072" lon="8.078780327457935"><ele>1969.1499938964844</ele></trkpt><trkpt lat="46.39240039465949" lon="8.078900327906013"><ele>1969.6999816894531</ele></trkpt><trkpt lat="46.392410394735634" lon="8.078940327744931"><ele>1969.8999938964844</ele></trkpt><trkpt lat="46.39242039481178" lon="8.07902032788843"><ele>1970.2999877929688</ele></trkpt><trkpt lat="46.39247039472684" lon="8.07915032794699"><ele>1971.22998046875</ele></trkpt><trkpt lat="46.39250039495528" lon="8.079240328166634"><ele>1971.75</ele></trkpt><trkpt lat="46.392660395242274" lon="8.07957032835111"><ele>1974.2099914550781</ele></trkpt><trkpt lat="46.392710395623" lon="8.079710328485817"><ele>1975.25</ele></trkpt><trkpt lat="46.39273039577529" lon="8.079770328477025"><ele>1975.6099853515625</ele></trkpt><trkpt lat="46.39277039561421" lon="8.079950328916311"><ele>1976.3499755859375</ele></trkpt><trkpt lat="46.39281039591879" lon="8.080170329194516"><ele>1977.7899780273438</ele></trkpt><trkpt lat="46.392830396071076" lon="8.080300329253078"><ele>1978.7999877929688</ele></trkpt><trkpt lat="46.392870396375656" lon="8.080460329540074"><ele>1979.9299926757812</ele></trkpt><trkpt lat="46.39292039675638" lon="8.080660329665989"><ele>1981.75</ele></trkpt><trkpt lat="46.39294039690867" lon="8.080710330046713"><ele>1982.2999877929688</ele></trkpt><trkpt lat="46.392950396984816" lon="8.080770330037922"><ele>1982.7599792480469</ele></trkpt><trkpt lat="46.39296039706096" lon="8.080820329952985"><ele>1983.1099853515625</ele></trkpt><trkpt lat="46.392990397289395" lon="8.080880329944193"><ele>1983.5599975585938</ele></trkpt><trkpt lat="46.392990397289395" lon="8.080890330020338"><ele>1983.6299743652344</ele></trkpt><trkpt lat="46.39302039751783" lon="8.080940329935402"><ele>1984.0399780273438</ele></trkpt><trkpt lat="46.39306039735675" lon="8.080990330316126"><ele>1984.6499938964844</ele></trkpt><trkpt lat="46.39309039758518" lon="8.08104033023119"><ele>1985.1499938964844</ele></trkpt><trkpt lat="46.39311039773747" lon="8.08108033053577"><ele>1985.4299926757812</ele></trkpt><trkpt lat="46.39311039773747" lon="8.081110330298543"><ele>1985.5999755859375</ele></trkpt><trkpt lat="46.39313039788976" lon="8.081160330679268"><ele>1986.0999755859375</ele></trkpt><trkpt lat="46.39315039804205" lon="8.081230330746621"><ele>1986.6699829101562</ele></trkpt><trkpt lat="46.39317039772868" lon="8.081330330576748"><ele>1987.2999877929688</ele></trkpt><trkpt lat="46.39318039827049" lon="8.081380330957472"><ele>1987.7699890136719</ele></trkpt><trkpt lat="46.39318039827049" lon="8.081410330720246"><ele>1988.0</ele></trkpt><trkpt lat="46.393240398261696" lon="8.081550330854952"><ele>1989.6799926757812</ele></trkpt><trkpt lat="46.39329039864242" lon="8.081660331226885"><ele>1991.0599975585938</ele></trkpt><trkpt lat="46.393300398718566" lon="8.08169033145532"><ele>1991.4099731445312</ele></trkpt><trkpt lat="46.393320398870856" lon="8.081720331218094"><ele>1991.7099914550781</ele></trkpt><trkpt lat="46.39335039909929" lon="8.081740331370384"><ele>1992.0999755859375</ele></trkpt><trkpt lat="46.39337039878592" lon="8.081750331446528"><ele>1992.3599853515625</ele></trkpt><trkpt lat="46.39339039893821" lon="8.081760331522673"><ele>1992.5999755859375</ele></trkpt><trkpt lat="46.393420399166644" lon="8.081790331751108"><ele>1993.3999938964844</ele></trkpt><trkpt lat="46.39346039947122" lon="8.081820331979543"><ele>1994.2999877929688</ele></trkpt><trkpt lat="46.39346039947122" lon="8.081830332055688"><ele>1994.5099792480469</ele></trkpt><trkpt lat="46.39347039954737" lon="8.081830332055688"><ele>1994.5399780273438</ele></trkpt><trkpt lat="46.39350039931014" lon="8.081870331894606"><ele>1994.7999877929688</ele></trkpt><trkpt lat="46.39354039961472" lon="8.08192033180967"><ele>1995.4599914550781</ele></trkpt><trkpt lat="46.3935803999193" lon="8.081990332342684"><ele>1996.4099731445312</ele></trkpt><trkpt lat="46.39372040005401" lon="8.082230332773179"><ele>1998.6999816894531</ele></trkpt><trkpt lat="46.39373040013015" lon="8.082270332612097"><ele>1999.0699768066406</ele></trkpt><trkpt lat="46.39373040013015" lon="8.082270332612097"><ele>1999.0699768066406</ele></trkpt><trkpt lat="46.39376040035859" lon="8.08234033267945"><ele>1999.7999877929688</ele></trkpt><trkpt lat="46.39384040096775" lon="8.082480333279818"><ele>2002.5</ele></trkpt><trkpt lat="46.39389040134847" lon="8.082590333651751"><ele>2004.2999877929688</ele></trkpt><trkpt lat="46.39390040142462" lon="8.082610333804041"><ele>2005.2999877929688</ele></trkpt><trkpt lat="46.393920401576906" lon="8.082610333804041"><ele>2005.6999816894531</ele></trkpt><trkpt lat="46.393940401729196" lon="8.082570333965123"><ele>2006.0999755859375</ele></trkpt><trkpt lat="46.39395040180534" lon="8.082550333812833"><ele>2006.6999816894531</ele></trkpt><trkpt lat="46.39395040180534" lon="8.082510333973914"><ele>2007.2999877929688</ele></trkpt><trkpt lat="46.39392040204257" lon="8.082400334067643"><ele>2008.5</ele></trkpt><trkpt lat="46.39390040235594" lon="8.082260334398597"><ele>2010.5</ele></trkpt><trkpt lat="46.3939004028216" lon="8.082210334483534"><ele>2011.0499877929688</ele></trkpt><trkpt lat="46.393910402897745" lon="8.082080334890634"><ele>2012.6499938964844</ele></trkpt><trkpt lat="46.39392040297389" lon="8.08203033497557"><ele>2013.2999877929688</ele></trkpt><trkpt lat="46.39392040343955" lon="8.081850335467607"><ele>2015.6299743652344</ele></trkpt><trkpt lat="46.39392040390521" lon="8.081600335426629"><ele>2017.5899963378906</ele></trkpt><trkpt lat="46.39393040444702" lon="8.081530335824937"><ele>2019.5599975585938</ele></trkpt><trkpt lat="46.393920404370874" lon="8.081440336070955"><ele>2020.3699951171875</ele></trkpt><trkpt lat="46.393920404370874" lon="8.081420335918665"><ele>2020.6199951171875</ele></trkpt><trkpt lat="46.39391040476039" lon="8.081390336155891"><ele>2021.0899963378906</ele></trkpt><trkpt lat="46.39389040507376" lon="8.08128033624962"><ele>2022.5</ele></trkpt><trkpt lat="46.39388040499762" lon="8.081250336486846"><ele>2022.9299926757812</ele></trkpt><trkpt lat="46.39386040531099" lon="8.08117033680901"><ele>2024.1399841308594</ele></trkpt><trkpt lat="46.39382040547207" lon="8.081080337055027"><ele>2025.6099853515625</ele></trkpt><trkpt lat="46.39378040563315" lon="8.080970337148756"><ele>2027.4099731445312</ele></trkpt><trkpt lat="46.393740406259894" lon="8.08083033747971"><ele>2029.7699890136719</ele></trkpt><trkpt lat="46.393720406573266" lon="8.080760337878019"><ele>2030.9299926757812</ele></trkpt><trkpt lat="46.39370040688664" lon="8.08068033773452"><ele>2031.6499938964844</ele></trkpt><trkpt lat="46.39368040673435" lon="8.080620337743312"><ele>2032.1999816894531</ele></trkpt><trkpt lat="46.3936704066582" lon="8.080560337752104"><ele>2032.3799743652344</ele></trkpt><trkpt lat="46.393630406819284" lon="8.080370338167995"><ele>2033.3699951171875</ele></trkpt><trkpt lat="46.39360040705651" lon="8.08017033804208"><ele>2033.1099853515625</ele></trkpt><trkpt lat="46.393590406980366" lon="8.080090337898582"><ele>2032.5999755859375</ele></trkpt><trkpt lat="46.39358040643856" lon="8.07996033784002"><ele>2031.5999755859375</ele></trkpt><trkpt lat="46.39358040643856" lon="8.079880337696522"><ele>2030.7999877929688</ele></trkpt><trkpt lat="46.393590406514704" lon="8.079730337485671"><ele>2030.0999755859375</ele></trkpt><trkpt lat="46.393590406514704" lon="8.079690337646753"><ele>2029.7999877929688</ele></trkpt><trkpt lat="46.39359040604904" lon="8.079630337655544"><ele>2029.4599914550781</ele></trkpt><trkpt lat="46.39359040604904" lon="8.079590337350965"><ele>2029.239990234375</ele></trkpt><trkpt lat="46.3935804059729" lon="8.079460337292403"><ele>2027.6399841308594</ele></trkpt><trkpt lat="46.39355040574446" lon="8.07933033676818"><ele>2025.9299926757812</ele></trkpt><trkpt lat="46.39355040574446" lon="8.07931033661589"><ele>2025.7699890136719</ele></trkpt><trkpt lat="46.39350040489808" lon="8.079130336642265"><ele>2023.6899719238281</ele></trkpt><trkpt lat="46.393490405287594" lon="8.079020336270332"><ele>2023.5599975585938</ele></trkpt><trkpt lat="46.393470405135304" lon="8.078880336601287"><ele>2023.5399780273438</ele></trkpt><trkpt lat="46.39344040537253" lon="8.078770336695015"><ele>2024.0299987792969</ele></trkpt><trkpt lat="46.39342040522024" lon="8.078710336703807"><ele>2024.2899780273438</ele></trkpt><trkpt lat="46.393320405390114" lon="8.078470336738974"><ele>2025.6199951171875</ele></trkpt><trkpt lat="46.39323040563613" lon="8.078240336850286"><ele>2025.5099792480469</ele></trkpt><trkpt lat="46.39312040572986" lon="8.077970336657017"><ele>2026.5099792480469</ele></trkpt><trkpt lat="46.39310040557757" lon="8.077900337055326"><ele>2026.8399963378906</ele></trkpt><trkpt lat="46.393090405501425" lon="8.077880336903036"><ele>2026.9399719238281</ele></trkpt><trkpt lat="46.3930704058148" lon="8.077790337149054"><ele>2027.3499755859375</ele></trkpt><trkpt lat="46.39306040620431" lon="8.077500337269157"><ele>2028.4299926757812</ele></trkpt><trkpt lat="46.39305040612817" lon="8.077450337354094"><ele>2028.8599853515625</ele></trkpt><trkpt lat="46.39303040644154" lon="8.07740033743903"><ele>2029.3999938964844</ele></trkpt><trkpt lat="46.3929504067637" lon="8.077200337778777"><ele>2031.5999755859375</ele></trkpt><trkpt lat="46.3929504067637" lon="8.077180337626487"><ele>2031.8099975585938</ele></trkpt><trkpt lat="46.39294040668756" lon="8.077140337787569"><ele>2032.2999877929688</ele></trkpt><trkpt lat="46.39292040700093" lon="8.076990338042378"><ele>2032.9299926757812</ele></trkpt><trkpt lat="46.392910406924784" lon="8.076940337661654"><ele>2033.0999755859375</ele></trkpt><trkpt lat="46.392890407238156" lon="8.076870338059962"><ele>2033.5</ele></trkpt><trkpt lat="46.39286040700972" lon="8.076730337925255"><ele>2034.3899841308594</ele></trkpt><trkpt lat="46.39281040756032" lon="8.076600338332355"><ele>2035.489990234375</ele></trkpt><trkpt lat="46.3927704077214" lon="8.076510338578373"><ele>2036.0999755859375</ele></trkpt><trkpt lat="46.39271040773019" lon="8.07642033835873"><ele>2036.5699768066406</ele></trkpt><trkpt lat="46.39268040750176" lon="8.076360338367522"><ele>2036.9099731445312</ele></trkpt><trkpt lat="46.39267040789127" lon="8.076350338291377"><ele>2036.989990234375</ele></trkpt><trkpt lat="46.39267040789127" lon="8.076320338528603"><ele>2037.1499938964844</ele></trkpt><trkpt lat="46.392650407738984" lon="8.076230338774621"><ele>2037.6899719238281</ele></trkpt><trkpt lat="46.392610407900065" lon="8.076110338792205"><ele>2038.489990234375</ele></trkpt><trkpt lat="46.39259040821344" lon="8.07608033856377"><ele>2038.7799987792969</ele></trkpt><trkpt lat="46.39255040837452" lon="8.075990338809788"><ele>2039.3499755859375</ele></trkpt><trkpt lat="46.392500408459455" lon="8.075900339055806"><ele>2039.8899841308594</ele></trkpt><trkpt lat="46.39245040807873" lon="8.075850339140743"><ele>2039.8099975585938</ele></trkpt><trkpt lat="46.392310408409685" lon="8.075650339014828"><ele>2040.7899780273438</ele></trkpt><trkpt lat="46.39230040833354" lon="8.0756303393282"><ele>2041.0399780273438</ele></trkpt><trkpt lat="46.39224040880799" lon="8.075480339117348"><ele>2041.8999938964844</ele></trkpt><trkpt lat="46.39220040850341" lon="8.075390339363366"><ele>2042.1899719238281</ele></trkpt><trkpt lat="46.392180408816785" lon="8.075310339219868"><ele>2042.5299987792969</ele></trkpt><trkpt lat="46.392160408664495" lon="8.075240339618176"><ele>2042.9399719238281</ele></trkpt><trkpt lat="46.39215040905401" lon="8.075080339796841"><ele>2044.8299865722656</ele></trkpt><trkpt lat="46.39214040944353" lon="8.07493033958599"><ele>2045.469970703125</ele></trkpt><trkpt lat="46.39214040944353" lon="8.074840339832008"><ele>2045.5599975585938</ele></trkpt><trkpt lat="46.39212040929124" lon="8.074660339858383"><ele>2046.0199890136719</ele></trkpt><trkpt lat="46.39212040929124" lon="8.07463034009561"><ele>2046.0499877929688</ele></trkpt><trkpt lat="46.392110409680754" lon="8.074490339960903"><ele>2046.2899780273438</ele></trkpt><trkpt lat="46.392090409528464" lon="8.074350339826196"><ele>2046.0999755859375</ele></trkpt><trkpt lat="46.392090409528464" lon="8.074350339826196"><ele>2046.0999755859375</ele></trkpt><trkpt lat="46.39206040930003" lon="8.07423033984378"><ele>2045.0499877929688</ele></trkpt><trkpt lat="46.392050409223884" lon="8.074200339615345"><ele>2044.8599853515625</ele></trkpt><trkpt lat="46.39202040899545" lon="8.074110339395702"><ele>2044.2699890136719</ele></trkpt><trkpt lat="46.391990409232676" lon="8.074040339328349"><ele>2044.1099853515625</ele></trkpt><trkpt lat="46.39200040884316" lon="8.073990339413285"><ele>2043.9499816894531</ele></trkpt><trkpt lat="46.39200040884316" lon="8.073990339413285"><ele>2043.9499816894531</ele></trkpt><trkpt lat="46.39200040884316" lon="8.073990339413285"><ele>2043.9499816894531</ele></trkpt><trkpt lat="46.392010408919305" lon="8.073930339422077"><ele>2043.739990234375</ele></trkpt><trkpt lat="46.392030409071594" lon="8.07383033959195"><ele>2043.6099853515625</ele></trkpt><trkpt lat="46.39204040914774" lon="8.073750339448452"><ele>2043.719970703125</ele></trkpt><trkpt lat="46.39211040874943" lon="8.073630339466035"><ele>2043.4599914550781</ele></trkpt><trkpt lat="46.39215040905401" lon="8.073520339559764"><ele>2043.72998046875</ele></trkpt><trkpt lat="46.39219040889293" lon="8.073440339416265"><ele>2043.4499816894531</ele></trkpt><trkpt lat="46.392220409121364" lon="8.073340339586139"><ele>2043.5099792480469</ele></trkpt><trkpt lat="46.39223040919751" lon="8.073270339518785"><ele>2043.6599731445312</ele></trkpt><trkpt lat="46.3922504093498" lon="8.073190339375287"><ele>2044.3199768066406</ele></trkpt><trkpt lat="46.39227040903643" lon="8.07309033954516"><ele>2044.8499755859375</ele></trkpt><trkpt lat="46.39228040911257" lon="8.073060339782387"><ele>2045.1099853515625</ele></trkpt><trkpt lat="46.3923304094933" lon="8.072820339817554"><ele>2046.25</ele></trkpt><trkpt lat="46.3923304094933" lon="8.072760339826345"><ele>2046.7099914550781</ele></trkpt><trkpt lat="46.39234040956944" lon="8.072670340072364"><ele>2047.6199951171875</ele></trkpt><trkpt lat="46.392340410035104" lon="8.072590339928865"><ele>2048.3499755859375</ele></trkpt><trkpt lat="46.392340410035104" lon="8.072510340251029"><ele>2049.1199951171875</ele></trkpt><trkpt lat="46.39233041042462" lon="8.072420340497047"><ele>2050.949981689453</ele></trkpt><trkpt lat="46.392340410500765" lon="8.072390340734273"><ele>2051.709991455078</ele></trkpt><trkpt lat="46.392360410653055" lon="8.072370340581983"><ele>2052.2999877929688</ele></trkpt><trkpt lat="46.39239041088149" lon="8.072380340658128"><ele>2052.1799926757812</ele></trkpt><trkpt lat="46.39241041056812" lon="8.072410340886563"><ele>2052.5599975585938</ele></trkpt><trkpt lat="46.3924504108727" lon="8.072440340649337"><ele>2052.8699951171875</ele></trkpt><trkpt lat="46.392490410711616" lon="8.072440340649337"><ele>2052.8099975585938</ele></trkpt><trkpt lat="46.39252041094005" lon="8.072420340962708"><ele>2052.8299865722656</ele></trkpt><trkpt lat="46.39254041062668" lon="8.0723603409715"><ele>2052.949981689453</ele></trkpt><trkpt lat="46.392550410702825" lon="8.072280340828001"><ele>2053.3099975585938</ele></trkpt><trkpt lat="46.39258041093126" lon="8.072230340912938"><ele>2053.3299865722656</ele></trkpt><trkpt lat="46.39261041069403" lon="8.072210340760648"><ele>2053.0799865722656</ele></trkpt><trkpt lat="46.39267041068524" lon="8.072270340751857"><ele>2053.1499938964844</ele></trkpt><trkpt lat="46.39271041098982" lon="8.072270340751857"><ele>2053.47998046875</ele></trkpt><trkpt lat="46.39275041082874" lon="8.072300340980291"><ele>2053.47998046875</ele></trkpt><trkpt lat="46.39279041113332" lon="8.07234034081921"><ele>2053.6599731445312</ele></trkpt><trkpt lat="46.39284041104838" lon="8.072370341047645"><ele>2054.1599731445312</ele></trkpt><trkpt lat="46.39288041135296" lon="8.072410341352224"><ele>2054.519989013672</ele></trkpt><trkpt lat="46.39292041119188" lon="8.072460341267288"><ele>2054.5899963378906</ele></trkpt><trkpt lat="46.3929604110308" lon="8.072490341030061"><ele>2054.9099731445312</ele></trkpt><trkpt lat="46.392990411259234" lon="8.072510341182351"><ele>2054.949981689453</ele></trkpt><trkpt lat="46.39302041148767" lon="8.072560341097414"><ele>2055.1299743652344</ele></trkpt><trkpt lat="46.39309041155502" lon="8.072650341317058"><ele>2055.699981689453</ele></trkpt><trkpt lat="46.393140411470085" lon="8.072690341621637"><ele>2056.019989013672</ele></trkpt><trkpt lat="46.393180411774665" lon="8.072700341697782"><ele>2056.509979248047</ele></trkpt><trkpt lat="46.39323041168973" lon="8.072710341773927"><ele>2057.0899963378906</ele></trkpt><trkpt lat="46.39329041168094" lon="8.072730341460556"><ele>2057.1699829101562</ele></trkpt><trkpt lat="46.393340411596" lon="8.072770341765136"><ele>2057.719970703125</ele></trkpt><trkpt lat="46.393390411976725" lon="8.072800341527909"><ele>2057.5499877929688</ele></trkpt><trkpt lat="46.39341041166335" lon="8.072800341527909"><ele>2057.489990234375</ele></trkpt><trkpt lat="46.39344041189179" lon="8.072790341451764"><ele>2057.6799926757812</ele></trkpt><trkpt lat="46.39347041165456" lon="8.072770341765136"><ele>2057.8999938964844</ele></trkpt><trkpt lat="46.393520412035286" lon="8.072710341773927"><ele>2058.519989013672</ele></trkpt><trkpt lat="46.393560411874205" lon="8.072680342011154"><ele>2058.3999938964844</ele></trkpt><trkpt lat="46.393600412178785" lon="8.072640341706574"><ele>2058.519989013672</ele></trkpt><trkpt lat="46.39363041194156" lon="8.07259034179151"><ele>2059.259979248047</ele></trkpt><trkpt lat="46.39366041216999" lon="8.072560342028737"><ele>2059.8499755859375</ele></trkpt><trkpt lat="46.39369041239843" lon="8.072550341952592"><ele>2060.449981689453</ele></trkpt><trkpt lat="46.39372041262686" lon="8.072550342418253"><ele>2061.1099853515625</ele></trkpt><trkpt lat="46.393770412541926" lon="8.072550342418253"><ele>2061.239990234375</ele></trkpt><trkpt lat="46.393790412694216" lon="8.072530342265964"><ele>2061.1599731445312</ele></trkpt><trkpt lat="46.393790412694216" lon="8.072530342265964"><ele>2061.1399841308594</ele></trkpt><trkpt lat="46.393830412533134" lon="8.072430342435837"><ele>2061.3499755859375</ele></trkpt><trkpt lat="46.39390041260049" lon="8.072370342444628"><ele>2061.449981689453</ele></trkpt><trkpt lat="46.39392041275278" lon="8.072340342216194"><ele>2061.489990234375</ele></trkpt><trkpt lat="46.393960412591696" lon="8.07227034214884"><ele>2061.699981689453</ele></trkpt><trkpt lat="46.39403041265905" lon="8.07214034255594"><ele>2062.25</ele></trkpt><trkpt lat="46.394060412887484" lon="8.072110342327505"><ele>2062.279998779297</ele></trkpt><trkpt lat="46.3941004127264" lon="8.072110342327505"><ele>2062.47998046875</ele></trkpt><trkpt lat="46.394170412793756" lon="8.072130342479795"><ele>2062.739990234375</ele></trkpt><trkpt lat="46.39420041302219" lon="8.07216034270823"><ele>2063.1199951171875</ele></trkpt><trkpt lat="46.3942604130134" lon="8.072200342547148"><ele>2063.209991455078</ele></trkpt><trkpt lat="46.39430041285232" lon="8.072190342471004"><ele>2063.029998779297</ele></trkpt><trkpt lat="46.394400412682444" lon="8.072170342318714"><ele>2061.6399841308594</ele></trkpt><trkpt lat="46.39449041290209" lon="8.072130342479795"><ele>2061.969970703125</ele></trkpt><trkpt lat="46.394550412893295" lon="8.072080342564732"><ele>2062.449981689453</ele></trkpt><trkpt lat="46.394610412884504" lon="8.072000342421234"><ele>2062.699981689453</ele></trkpt><trkpt lat="46.39463041303679" lon="8.071960342582315"><ele>2062.8399963378906</ele></trkpt><trkpt lat="46.39468041295186" lon="8.071920342277735"><ele>2063.019989013672</ele></trkpt><trkpt lat="46.39471041318029" lon="8.071900342591107"><ele>2063.5999755859375</ele></trkpt><trkpt lat="46.39481041347608" lon="8.071850343141705"><ele>2065.5699768066406</ele></trkpt><trkpt lat="46.39486041339114" lon="8.071830342989415"><ele>2066.0899963378906</ele></trkpt><trkpt lat="46.39493041392416" lon="8.071770342998207"><ele>2067.439971923828</ele></trkpt><trkpt lat="46.394970413763076" lon="8.071740343235433"><ele>2067.7999877929688</ele></trkpt><trkpt lat="46.395010414067656" lon="8.07169034332037"><ele>2068.6499938964844</ele></trkpt><trkpt lat="46.395050413906574" lon="8.071660343557596"><ele>2068.759979248047</ele></trkpt><trkpt lat="46.39510041382164" lon="8.071640343405306"><ele>2068.75</ele></trkpt><trkpt lat="46.39517041388899" lon="8.071600343566388"><ele>2068.97998046875</ele></trkpt><trkpt lat="46.395260414108634" lon="8.071550343651325"><ele>2069.5599975585938</ele></trkpt><trkpt lat="46.39529041433707" lon="8.07154034357518"><ele>2069.7899780273438</ele></trkpt><trkpt lat="46.39534041425213" lon="8.07154034357518"><ele>2069.759979248047</ele></trkpt><trkpt lat="46.39542041439563" lon="8.071570343803614"><ele>2070.019989013672</ele></trkpt><trkpt lat="46.395450414158404" lon="8.071570343803614"><ele>2070.1299743652344</ele></trkpt><trkpt lat="46.395490414462984" lon="8.071550343651325"><ele>2070.0799865722656</ele></trkpt><trkpt lat="46.395600414369255" lon="8.071430343668908"><ele>2070.939971923828</ele></trkpt><trkpt lat="46.39563041459769" lon="8.07139034382999"><ele>2070.939971923828</ele></trkpt><trkpt lat="46.39565041474998" lon="8.071320343762636"><ele>2071.209991455078</ele></trkpt><trkpt lat="46.39568041451275" lon="8.071280343923718"><ele>2071.3299865722656</ele></trkpt><trkpt lat="46.39570041466504" lon="8.071270343847573"><ele>2071.5699768066406</ele></trkpt><trkpt lat="46.39574041450396" lon="8.071280343923718"><ele>2071.739990234375</ele></trkpt><trkpt lat="46.39579041488469" lon="8.071290343999863"><ele>2071.8299865722656</ele></trkpt><trkpt lat="46.39584041479975" lon="8.071280343923718"><ele>2072.1799926757812</ele></trkpt><trkpt lat="46.39589041471481" lon="8.071280343923718"><ele>2072.5599975585938</ele></trkpt><trkpt lat="46.39594041462988" lon="8.071280343923718"><ele>2072.6499938964844</ele></trkpt><trkpt lat="46.395980414934456" lon="8.071280343923718"><ele>2072.759979248047</ele></trkpt><trkpt lat="46.396020414773375" lon="8.071300344076008"><ele>2072.949981689453</ele></trkpt><trkpt lat="46.39609041484073" lon="8.071330344304442"><ele>2073.489990234375</ele></trkpt><trkpt lat="46.39614041522145" lon="8.071350344456732"><ele>2074.239990234375</ele></trkpt><trkpt lat="46.39624041551724" lon="8.071420344524086"><ele>2075.719970703125</ele></trkpt><trkpt lat="46.39628041535616" lon="8.071460344363004"><ele>2075.8799743652344</ele></trkpt><trkpt lat="46.39636041549966" lon="8.071550344582647"><ele>2076.009979248047</ele></trkpt><trkpt lat="46.39641041541472" lon="8.071610344573855"><ele>2076.1799926757812</ele></trkpt><trkpt lat="46.396460415329784" lon="8.071660344488919"><ele>2076.3099975585938</ele></trkpt><trkpt lat="46.396520415786654" lon="8.071710344869643"><ele>2076.5399780273438</ele></trkpt><trkpt lat="46.39658041577786" lon="8.071760344784707"><ele>2076.8499755859375</ele></trkpt><trkpt lat="46.396710415836424" lon="8.071870344690979"><ele>2077.439971923828</ele></trkpt><trkpt lat="46.39683041581884" lon="8.071950344834477"><ele>2077.3799743652344</ele></trkpt><trkpt lat="46.39690041588619" lon="8.072010344825685"><ele>2077.719970703125</ele></trkpt><trkpt lat="46.39700041571632" lon="8.072140344884247"><ele>2077.8599853515625</ele></trkpt><trkpt lat="46.39706041570753" lon="8.072220345027745"><ele>2078.0999755859375</ele></trkpt><trkpt lat="46.39711041608825" lon="8.072290345095098"><ele>2078.0599975585938</ele></trkpt><trkpt lat="46.39715041592717" lon="8.072330344934016"><ele>2078.1299743652344</ele></trkpt><trkpt lat="46.39721041591838" lon="8.07238034484908"><ele>2077.949981689453</ele></trkpt><trkpt lat="46.3972504157573" lon="8.07242034515366"><ele>2077.8199768066406</ele></trkpt><trkpt lat="46.397370416205376" lon="8.072510344907641"><ele>2078.3699951171875</ele></trkpt><trkpt lat="46.397430416196585" lon="8.072540345136076"><ele>2078.5599975585938</ele></trkpt><trkpt lat="46.39749041618779" lon="8.072580344974995"><ele>2078.8999938964844</ele></trkpt><trkpt lat="46.39752041595057" lon="8.07259034505114"><ele>2079.219970703125</ele></trkpt><trkpt lat="46.397540416102856" lon="8.072580344974995"><ele>2079.3299865722656</ele></trkpt><trkpt lat="46.397560416255146" lon="8.072540345136076"><ele>2079.209991455078</ele></trkpt><trkpt lat="46.39757041633129" lon="8.072510345373303"><ele>2079.0</ele></trkpt><trkpt lat="46.39763041585684" lon="8.07240034500137"><ele>2077.8299865722656</ele></trkpt><trkpt lat="46.39765041600913" lon="8.07236034469679"><ele>2077.6799926757812</ele></trkpt><trkpt lat="46.39766041608527" lon="8.072340345010161"><ele>2077.6199951171875</ele></trkpt><trkpt lat="46.39767041569576" lon="8.072280345018953"><ele>2077.439971923828</ele></trkpt><trkpt lat="46.39767041569576" lon="8.072120344731957"><ele>2077.3799743652344</ele></trkpt><trkpt lat="46.39766041561961" lon="8.072060344740748"><ele>2077.0899963378906</ele></trkpt><trkpt lat="46.39765041554347" lon="8.071970344986767"><ele>2076.8899841308594</ele></trkpt><trkpt lat="46.39763041585684" lon="8.071890344843268"><ele>2076.9299926757812</ele></trkpt><trkpt lat="46.39761041570455" lon="8.071820344775915"><ele>2077.0699768066406</ele></trkpt><trkpt lat="46.39761041570455" lon="8.071760344784707"><ele>2077.209991455078</ele></trkpt><trkpt lat="46.3976004156284" lon="8.071690344717354"><ele>2077.449981689453</ele></trkpt><trkpt lat="46.39759041601792" lon="8.071610345039517"><ele>2077.8799743652344</ele></trkpt><trkpt lat="46.39759041601792" lon="8.071530344896019"><ele>2077.9199829101562</ele></trkpt><trkpt lat="46.39759041601792" lon="8.07145034475252"><ele>2078.0399780273438</ele></trkpt><trkpt lat="46.397600416094065" lon="8.071380345150828"><ele>2078.259979248047</ele></trkpt><trkpt lat="46.39761041617021" lon="8.07132034515962"><ele>2078.4199829101562</ele></trkpt><trkpt lat="46.39763041585684" lon="8.071270344778895"><ele>2078.47998046875</ele></trkpt><trkpt lat="46.39765041600913" lon="8.071230344939977"><ele>2078.509979248047</ele></trkpt><trkpt lat="46.39768041623756" lon="8.071200345177203"><ele>2078.509979248047</ele></trkpt><trkpt lat="46.397710416000336" lon="8.071190345101058"><ele>2078.5799865722656</ele></trkpt><trkpt lat="46.39774041622877" lon="8.071160344872624"><ele>2078.6799926757812</ele></trkpt><trkpt lat="46.397770415991545" lon="8.07115034526214"><ele>2078.8899841308594</ele></trkpt><trkpt lat="46.39782041590661" lon="8.07113034510985"><ele>2078.959991455078</ele></trkpt><trkpt lat="46.39786041621119" lon="8.07111034495756"><ele>2078.8799743652344</ele></trkpt><trkpt lat="46.39791041612625" lon="8.071080345194787"><ele>2079.259979248047</ele></trkpt><trkpt lat="46.39803041610867" lon="8.070990344975144"><ele>2079.8399963378906</ele></trkpt><trkpt lat="46.3980604163371" lon="8.070970345288515"><ele>2080.1399841308594</ele></trkpt><trkpt lat="46.39808041648939" lon="8.07096034521237"><ele>2080.4199829101562</ele></trkpt><trkpt lat="46.398150416556746" lon="8.07098034536466"><ele>2080.469970703125</ele></trkpt><trkpt lat="46.398190416395664" lon="8.07098034536466"><ele>2080.519989013672</ele></trkpt><trkpt lat="46.39825041638687" lon="8.07096034521237"><ele>2080.8999938964844</ele></trkpt><trkpt lat="46.3983004167676" lon="8.070960345678031"><ele>2081.3299865722656</ele></trkpt><trkpt lat="46.39837041683495" lon="8.070920345373452"><ele>2081.4099731445312</ele></trkpt><trkpt lat="46.398380416445434" lon="8.070920345373452"><ele>2081.199981689453</ele></trkpt><trkpt lat="46.39844041643664" lon="8.070950345136225"><ele>2080.8399963378906</ele></trkpt><trkpt lat="46.39847041666508" lon="8.07096034521237"><ele>2080.989990234375</ele></trkpt><trkpt lat="46.39854041673243" lon="8.071040345355868"><ele>2081.3699951171875</ele></trkpt><trkpt lat="46.398570416495204" lon="8.071050345432013"><ele>2081.269989013672</ele></trkpt><trkpt lat="46.398610416799784" lon="8.071030345279723"><ele>2081.1399841308594</ele></trkpt><trkpt lat="46.39863041648641" lon="8.071010345593095"><ele>2081.0799865722656</ele></trkpt><trkpt lat="46.3986504166387" lon="8.070970345288515"><ele>2081.0399780273438</ele></trkpt><trkpt lat="46.39866041671485" lon="8.070940345525742"><ele>2080.8099975585938</ele></trkpt><trkpt lat="46.398660416249186" lon="8.070910345297307"><ele>2080.529998779297</ele></trkpt><trkpt lat="46.398660416249186" lon="8.070810345001519"><ele>2079.3999938964844</ele></trkpt><trkpt lat="46.398620415944606" lon="8.070600344799459"><ele>2077.209991455078</ele></trkpt><trkpt lat="46.39857041556388" lon="8.070330344606191"><ele>2075.3899841308594</ele></trkpt><trkpt lat="46.39857041556388" lon="8.070310344453901"><ele>2075.3099975585938</ele></trkpt><trkpt lat="46.39854041533545" lon="8.070240344386548"><ele>2075.239990234375</ele></trkpt><trkpt lat="46.39851041557267" lon="8.07016034424305"><ele>2075.239990234375</ele></trkpt><trkpt lat="46.39846041565761" lon="8.070080344565213"><ele>2075.459991455078</ele></trkpt><trkpt lat="46.3984004156664" lon="8.069930344354361"><ele>2075.459991455078</ele></trkpt><trkpt lat="46.39837041543797" lon="8.069860344287008"><ele>2075.3499755859375</ele></trkpt><trkpt lat="46.39837041543797" lon="8.069860344287008"><ele>2075.239990234375</ele></trkpt><trkpt lat="46.39836041536182" lon="8.069810344371945"><ele>2074.8099975585938</ele></trkpt><trkpt lat="46.39835041528568" lon="8.069760344456881"><ele>2074.3699951171875</ele></trkpt><trkpt lat="46.39836041536182" lon="8.069690344389528"><ele>2074.1499938964844</ele></trkpt><trkpt lat="46.398370414972305" lon="8.069620344322175"><ele>2073.709991455078</ele></trkpt><trkpt lat="46.39838041504845" lon="8.06957034394145"><ele>2073.3799743652344</ele></trkpt><trkpt lat="46.39838041504845" lon="8.069530344102532"><ele>2073.1599731445312</ele></trkpt><trkpt lat="46.39840041520074" lon="8.069490344263613"><ele>2073.0499877929688</ele></trkpt><trkpt lat="46.39842041488737" lon="8.069450343959033"><ele>2072.72998046875</ele></trkpt><trkpt lat="46.39844041503966" lon="8.069420343730599"><ele>2072.3999938964844</ele></trkpt><trkpt lat="46.39847041480243" lon="8.069390343967825"><ele>2072.0699768066406</ele></trkpt><trkpt lat="46.39853041479364" lon="8.0693403435871"><ele>2071.519989013672</ele></trkpt><trkpt lat="46.398560414556414" lon="8.069310343824327"><ele>2071.4099731445312</ele></trkpt><trkpt lat="46.39860041439533" lon="8.069240343756974"><ele>2070.97998046875</ele></trkpt><trkpt lat="46.39861041447148" lon="8.069210343528539"><ele>2070.759979248047</ele></trkpt><trkpt lat="46.39862041454762" lon="8.069160343613476"><ele>2070.5399780273438</ele></trkpt><trkpt lat="46.39862041454762" lon="8.069090343546122"><ele>2070.209991455078</ele></trkpt><trkpt lat="46.39860041392967" lon="8.06896034348756"><ele>2068.6799926757812</ele></trkpt><trkpt lat="46.39858041424304" lon="8.068830343429"><ele>2068.3499755859375</ele></trkpt><trkpt lat="46.39852041378617" lon="8.068690343294293"><ele>2067.7999877929688</ele></trkpt><trkpt lat="46.3984904140234" lon="8.068590342998505"><ele>2067.1499938964844</ele></trkpt><trkpt lat="46.398420413490385" lon="8.068460342939943"><ele>2066.269989013672</ele></trkpt><trkpt lat="46.39841041341424" lon="8.068440342787653"><ele>2065.989990234375</ele></trkpt><trkpt lat="46.398380413651466" lon="8.068400342948735"><ele>2065.5</ele></trkpt><trkpt lat="46.39834041334689" lon="8.068340342491865"><ele>2064.4099731445312</ele></trkpt><trkpt lat="46.39831041311845" lon="8.068300342652947"><ele>2063.75</ele></trkpt><trkpt lat="46.39828041289002" lon="8.068250342272222"><ele>2063.209991455078</ele></trkpt><trkpt lat="46.398230412974954" lon="8.068200342357159"><ele>2062.8799743652344</ele></trkpt><trkpt lat="46.398190413136035" lon="8.06812034221366"><ele>2062.5499877929688</ele></trkpt><trkpt lat="46.3981604129076" lon="8.068070342298597"><ele>2062.219970703125</ele></trkpt><trkpt lat="46.39809041284025" lon="8.067900341935456"><ele>2061.6799926757812</ele></trkpt><trkpt lat="46.39803041284904" lon="8.06774034211412"><ele>2061.459991455078</ele></trkpt><trkpt lat="46.39801041269675" lon="8.067660341970623"><ele>2061.239990234375</ele></trkpt><trkpt lat="46.39799041254446" lon="8.06759034190327"><ele>2060.9099731445312</ele></trkpt><trkpt lat="46.39799041254446" lon="8.067530341912061"><ele>2060.7999877929688</ele></trkpt><trkpt lat="46.39799041254446" lon="8.067490342073143"><ele>2060.5799865722656</ele></trkpt><trkpt lat="46.39801041269675" lon="8.06742034200579"><ele>2060.469970703125</ele></trkpt><trkpt lat="46.39804041245952" lon="8.067350341938436"><ele>2060.469970703125</ele></trkpt><trkpt lat="46.39807041268796" lon="8.067300342023373"><ele>2060.1399841308594</ele></trkpt><trkpt lat="46.39818041259423" lon="8.067110341973603"><ele>2060.029998779297</ele></trkpt><trkpt lat="46.39822041243315" lon="8.06704034190625"><ele>2060.029998779297</ele></trkpt><trkpt lat="46.39825041266158" lon="8.066950341686606"><ele>2060.25</ele></trkpt><trkpt lat="46.39827041234821" lon="8.066890341695398"><ele>2060.5799865722656</ele></trkpt><trkpt lat="46.3982904125005" lon="8.06685034185648"><ele>2060.0</ele></trkpt><trkpt lat="46.39838041225448" lon="8.066740341950208"><ele>2059.75</ele></trkpt><trkpt lat="46.39840041240677" lon="8.066700341645628"><ele>2059.5999755859375</ele></trkpt><trkpt lat="46.39842041255906" lon="8.066630341578275"><ele>2059.8099975585938</ele></trkpt><trkpt lat="46.39842041255906" lon="8.066560341510922"><ele>2059.8099975585938</ele></trkpt><trkpt lat="46.3984204120934" lon="8.066500341519713"><ele>2059.259979248047</ele></trkpt><trkpt lat="46.398410412017256" lon="8.06645034160465"><ele>2058.4299926757812</ele></trkpt><trkpt lat="46.39838041225448" lon="8.066360341385007"><ele>2058.3099975585938</ele></trkpt><trkpt lat="46.39831041218713" lon="8.066190341487527"><ele>2058.8999938964844</ele></trkpt><trkpt lat="46.39820041228086" lon="8.065950341988355"><ele>2060.1099853515625</ele></trkpt><trkpt lat="46.39814041228965" lon="8.065810341387987"><ele>2059.199981689453</ele></trkpt><trkpt lat="46.39812041213736" lon="8.06573034171015"><ele>2059.1199951171875</ele></trkpt><trkpt lat="46.398110412061214" lon="8.06569034140557"><ele>2058.5999755859375</ele></trkpt><trkpt lat="46.398110412061214" lon="8.06569034140557"><ele>2058.5799865722656</ele></trkpt><trkpt lat="46.39810041198507" lon="8.065650341566652"><ele>2058.5</ele></trkpt><trkpt lat="46.39808041229844" lon="8.065570341423154"><ele>2058.5</ele></trkpt><trkpt lat="46.398070412222296" lon="8.065530341584235"><ele>2058.5399780273438</ele></trkpt><trkpt lat="46.398070412222296" lon="8.065460341516882"><ele>2058.3999938964844</ele></trkpt><trkpt lat="46.398070412222296" lon="8.065420341677964"><ele>2058.459991455078</ele></trkpt><trkpt lat="46.39806041214615" lon="8.065360341686755"><ele>2058.519989013672</ele></trkpt><trkpt lat="46.39806041214615" lon="8.065320341382176"><ele>2058.1599731445312</ele></trkpt><trkpt lat="46.39808041183278" lon="8.065270341467112"><ele>2057.969970703125</ele></trkpt><trkpt lat="46.39810041198507" lon="8.065190341323614"><ele>2058.029998779297</ele></trkpt><trkpt lat="46.39810041198507" lon="8.06512034125626"><ele>2058.029998779297</ele></trkpt><trkpt lat="46.398110412061214" lon="8.065050341188908"><ele>2057.6499938964844</ele></trkpt><trkpt lat="46.39810041198507" lon="8.065020341426134"><ele>2057.5499877929688</ele></trkpt><trkpt lat="46.398090411908925" lon="8.064960341434926"><ele>2057.5899963378906</ele></trkpt><trkpt lat="46.398070411756635" lon="8.064930341206491"><ele>2057.5599975585938</ele></trkpt><trkpt lat="46.39802041184157" lon="8.064880341291428"><ele>2056.689971923828</ele></trkpt><trkpt lat="46.3979604113847" lon="8.06480034114793"><ele>2055.5399780273438</ele></trkpt><trkpt lat="46.39793041162193" lon="8.06480034114793"><ele>2055.469970703125</ele></trkpt><trkpt lat="46.397880411706865" lon="8.06476034084335"><ele>2055.47998046875</ele></trkpt><trkpt lat="46.397840411402285" lon="8.064730341080576"><ele>2055.2999877929688</ele></trkpt><trkpt lat="46.397820411249995" lon="8.064710340928286"><ele>2054.9299926757812</ele></trkpt><trkpt lat="46.39780041156337" lon="8.064710340928286"><ele>2054.6599731445312</ele></trkpt><trkpt lat="46.39775041118264" lon="8.064690340775996"><ele>2053.6699829101562</ele></trkpt><trkpt lat="46.39771041087806" lon="8.064670340623707"><ele>2053.22998046875</ele></trkpt><trkpt lat="46.397650410886854" lon="8.064630340319127"><ele>2052.5899963378906</ele></trkpt><trkpt lat="46.39752041082829" lon="8.064540340099484"><ele>2051.739990234375</ele></trkpt><trkpt lat="46.397440410684794" lon="8.064500340260565"><ele>2051.6499938964844</ele></trkpt><trkpt lat="46.397400410845876" lon="8.064470340497792"><ele>2051.5899963378906</ele></trkpt><trkpt lat="46.39735041046515" lon="8.064430340193212"><ele>2050.939971923828</ele></trkpt><trkpt lat="46.39730041055009" lon="8.064400339964777"><ele>2050.719970703125</ele></trkpt><trkpt lat="46.39726041071117" lon="8.064390339888632"><ele>2050.509979248047</ele></trkpt><trkpt lat="46.39724041055888" lon="8.064360340125859"><ele>2049.8299865722656</ele></trkpt><trkpt lat="46.397150410339236" lon="8.064290340058506"><ele>2049.2899780273438</ele></trkpt><trkpt lat="46.39710041042417" lon="8.064270339906216"><ele>2049.0599975585938</ele></trkpt><trkpt lat="46.3970404099673" lon="8.064220339991152"><ele>2048.47998046875</ele></trkpt><trkpt lat="46.39702040981501" lon="8.064190339762717"><ele>2047.9199829101562</ele></trkpt><trkpt lat="46.39697040989995" lon="8.064140339381993"><ele>2047.3799743652344</ele></trkpt><trkpt lat="46.39692040998489" lon="8.06409033946693"><ele>2047.0499877929688</ele></trkpt><trkpt lat="46.39689040975645" lon="8.064040339551866"><ele>2046.7499694824219</ele></trkpt><trkpt lat="46.39686040952802" lon="8.063980339560658"><ele>2046.3399963378906</ele></trkpt><trkpt lat="46.3968204096891" lon="8.063930339179933"><ele>2045.7799987792969</ele></trkpt><trkpt lat="46.396770409308374" lon="8.063850339036435"><ele>2045.1599731445312</ele></trkpt><trkpt lat="46.3967404095456" lon="8.063790339045227"><ele>2044.6099853515625</ele></trkpt><trkpt lat="46.396690409164876" lon="8.063710338901728"><ele>2043.7699890136719</ele></trkpt><trkpt lat="46.39664040924981" lon="8.063620338682085"><ele>2043.239990234375</ele></trkpt><trkpt lat="46.39662040909752" lon="8.063580338843167"><ele>2042.8999938964844</ele></trkpt><trkpt lat="46.39658040879294" lon="8.063530338928103"><ele>2042.219970703125</ele></trkpt><trkpt lat="46.396520408801734" lon="8.063470338471234"><ele>2041.4199829101562</ele></trkpt><trkpt lat="46.3964904085733" lon="8.06342033855617"><ele>2040.5799865722656</ele></trkpt><trkpt lat="46.39647040842101" lon="8.063410338480026"><ele>2040.3899841308594</ele></trkpt><trkpt lat="46.39645040826872" lon="8.06338033825159"><ele>2039.9599914550781</ele></trkpt><trkpt lat="46.396420408505946" lon="8.063340338412672"><ele>2039.469970703125</ele></trkpt><trkpt lat="46.39640040835366" lon="8.063300338108093"><ele>2038.8499755859375</ele></trkpt><trkpt lat="46.39637040812522" lon="8.063260338269174"><ele>2038.1599731445312</ele></trkpt><trkpt lat="46.39635040797293" lon="8.06323033804074"><ele>2037.8599853515625</ele></trkpt><trkpt lat="46.39628040790558" lon="8.06317033758387"><ele>2036.5799865722656</ele></trkpt><trkpt lat="46.396270407829434" lon="8.063160337973386"><ele>2036.3699951171875</ele></trkpt><trkpt lat="46.396250407677144" lon="8.063150337897241"><ele>2036.1599731445312</ele></trkpt><trkpt lat="46.396210407372564" lon="8.06317033758387"><ele>2034.6699829101562</ele></trkpt><trkpt lat="46.396190407220274" lon="8.063180337194353"><ele>2034.1499938964844</ele></trkpt><trkpt lat="46.39618040714413" lon="8.063170337118208"><ele>2033.5599975585938</ele></trkpt><trkpt lat="46.396170407067984" lon="8.063140337355435"><ele>2033.1399841308594</ele></trkpt><trkpt lat="46.39616040699184" lon="8.063110337127"><ele>2032.3999938964844</ele></trkpt><trkpt lat="46.396150406915694" lon="8.06307033682242"><ele>2031.7599792480469</ele></trkpt><trkpt lat="46.39614040683955" lon="8.063040337059647"><ele>2031.1399841308594</ele></trkpt><trkpt lat="46.39614040683955" lon="8.063010336831212"><ele>2030.6599731445312</ele></trkpt><trkpt lat="46.39612040668726" lon="8.062960336916149"><ele>2029.9999694824219</ele></trkpt><trkpt lat="46.396090406458825" lon="8.062870336696506"><ele>2029.5799865722656</ele></trkpt><trkpt lat="46.39608040638268" lon="8.062830336391926"><ele>2029.3399963378906</ele></trkpt><trkpt lat="46.396050406154245" lon="8.062790336553007"><ele>2029.1699829101562</ele></trkpt><trkpt lat="46.39603040646762" lon="8.062780336476862"><ele>2029.0899963378906</ele></trkpt><trkpt lat="46.39597040601075" lon="8.062750336248428"><ele>2028.5299987792969</ele></trkpt><trkpt lat="46.39591040601954" lon="8.062740336172283"><ele>2027.7599792480469</ele></trkpt><trkpt lat="46.39589040586725" lon="8.062730336096138"><ele>2027.489990234375</ele></trkpt><trkpt lat="46.39587040571496" lon="8.062720336019993"><ele>2026.9199829101562</ele></trkpt><trkpt lat="46.395780405495316" lon="8.062710335943848"><ele>2024.9199829101562</ele></trkpt><trkpt lat="46.395740405190736" lon="8.062710335943848"><ele>2024.4299926757812</ele></trkpt><trkpt lat="46.395630405284464" lon="8.062690335791558"><ele>2023.3999938964844</ele></trkpt><trkpt lat="46.39551040530205" lon="8.062680335715413"><ele>2022.9399719238281</ele></trkpt><trkpt lat="46.395400404930115" lon="8.062640335410833"><ele>2022.7899780273438</ele></trkpt><trkpt lat="46.39532040525228" lon="8.06261033564806"><ele>2022.9599914550781</ele></trkpt><trkpt lat="46.39526040526107" lon="8.062580335885286"><ele>2023.7599792480469</ele></trkpt><trkpt lat="46.39522040542215" lon="8.062580335885286"><ele>2023.9199829101562</ele></trkpt><trkpt lat="46.39520040526986" lon="8.062580335885286"><ele>2024.0099792480469</ele></trkpt><trkpt lat="46.39516040543094" lon="8.06259033549577"><ele>2023.7999877929688</ele></trkpt><trkpt lat="46.39503040490672" lon="8.062670335639268"><ele>2022.4599914550781</ele></trkpt><trkpt lat="46.39501040475443" lon="8.062690335325897"><ele>2022.0999755859375</ele></trkpt><trkpt lat="46.39489040430635" lon="8.062850335147232"><ele>2019.5899963378906</ele></trkpt><trkpt lat="46.39487040415406" lon="8.06287033483386"><ele>2019.25</ele></trkpt><trkpt lat="46.39484040439129" lon="8.06289033498615"><ele>2018.5099792480469</ele></trkpt><trkpt lat="46.39480040408671" lon="8.062910334672779"><ele>2017.219970703125</ele></trkpt><trkpt lat="46.39476040378213" lon="8.062920334283262"><ele>2016.1299743652344</ele></trkpt><trkpt lat="46.394730403553694" lon="8.062920334283262"><ele>2015.3599853515625</ele></trkpt><trkpt lat="46.39470040332526" lon="8.062940334435552"><ele>2014.7099914550781</ele></trkpt><trkpt lat="46.39466040348634" lon="8.06298033427447"><ele>2013.8899841308594</ele></trkpt><trkpt lat="46.39464040333405" lon="8.063030334189534"><ele>2013.1399841308594</ele></trkpt><trkpt lat="46.39461040310562" lon="8.063070334028453"><ele>2012.8699951171875</ele></trkpt><trkpt lat="46.39456040319055" lon="8.063110333867371"><ele>2012.9399719238281</ele></trkpt><trkpt lat="46.39452040288597" lon="8.063130334019661"><ele>2012.8799743652344</ele></trkpt><trkpt lat="46.3944904031232" lon="8.063140334095806"><ele>2012.6099853515625</ele></trkpt><trkpt lat="46.394440402742475" lon="8.063130334019661"><ele>2012.0399780273438</ele></trkpt><trkpt lat="46.394330402836204" lon="8.06311033340171"><ele>2010.8799743652344</ele></trkpt><trkpt lat="46.394230402540416" lon="8.063130333554"><ele>2010.8699951171875</ele></trkpt><trkpt lat="46.39418040262535" lon="8.063140333630145"><ele>2011.22998046875</ele></trkpt><trkpt lat="46.39413040271029" lon="8.063130333554"><ele>2011.3899841308594</ele></trkpt><trkpt lat="46.39407040271908" lon="8.063080333638936"><ele>2011.469970703125</ele></trkpt><trkpt lat="46.393970402888954" lon="8.06298033380881"><ele>2011.6999816894531</ele></trkpt><trkpt lat="46.393890402745456" lon="8.062920333817601"><ele>2012.239990234375</ele></trkpt><trkpt lat="46.39384040283039" lon="8.062890334054828"><ele>2012.72998046875</ele></trkpt><trkpt lat="46.393800402991474" lon="8.062860333826393"><ele>2013.1299743652344</ele></trkpt><trkpt lat="46.39379040291533" lon="8.062840334139764"><ele>2013.1799926757812</ele></trkpt><trkpt lat="46.39375040307641" lon="8.06281033391133"><ele>2013.2899780273438</ele></trkpt><trkpt lat="46.39373040292412" lon="8.062790334224701"><ele>2013.3599853515625</ele></trkpt><trkpt lat="46.39370040316135" lon="8.062750333920121"><ele>2013.1899719238281</ele></trkpt><trkpt lat="46.39367040293291" lon="8.062710334081203"><ele>2012.719970703125</ele></trkpt><trkpt lat="46.39364040317014" lon="8.062680333852768"><ele>2012.72998046875</ele></trkpt><trkpt lat="46.393590403255075" lon="8.062650334089994"><ele>2012.8099975585938</ele></trkpt><trkpt lat="46.393570403102785" lon="8.06262033386156"><ele>2012.6299743652344</ele></trkpt><trkpt lat="46.39354040287435" lon="8.062580334022641"><ele>2012.5499877929688</ele></trkpt><trkpt lat="46.39350040303543" lon="8.062510333955288"><ele>2012.7599792480469</ele></trkpt><trkpt lat="46.393460403196514" lon="8.062460334040225"><ele>2012.969970703125</ele></trkpt><trkpt lat="46.393420402891934" lon="8.06243033381179"><ele>2013.0199890136719</ele></trkpt><trkpt lat="46.39339040312916" lon="8.062420333735645"><ele>2012.9199829101562</ele></trkpt><trkpt lat="46.393340402748436" lon="8.0624103336595"><ele>2012.5</ele></trkpt><trkpt lat="46.39329040283337" lon="8.06239033350721"><ele>2011.5499877929688</ele></trkpt><trkpt lat="46.393210402689874" lon="8.062360333744437"><ele>2010.5999755859375</ele></trkpt><trkpt lat="46.39312040247023" lon="8.062340333592147"><ele>2010.5799865722656</ele></trkpt><trkpt lat="46.39301040256396" lon="8.062120333779603"><ele>2010.9099731445312</ele></trkpt><trkpt lat="46.39295040257275" lon="8.062000333331525"><ele>2010.8999938964844</ele></trkpt><trkpt lat="46.39271040260792" lon="8.061540333554149"><ele>2010.9599914550781</ele></trkpt><trkpt lat="46.392640402540565" lon="8.061410333495587"><ele>2010.6999816894531</ele></trkpt><trkpt lat="46.3925904026255" lon="8.061330333352089"><ele>2010.5099792480469</ele></trkpt><trkpt lat="46.392580402549356" lon="8.061210333369672"><ele>2010.5599975585938</ele></trkpt><trkpt lat="46.3925904026255" lon="8.06108033331111"><ele>2010.6899719238281</ele></trkpt><trkpt lat="46.392580402549356" lon="8.060960333328694"><ele>2010.5699768066406</ele></trkpt><trkpt lat="46.39257040247321" lon="8.060870333574712"><ele>2010.47998046875</ele></trkpt><trkpt lat="46.39253040263429" lon="8.060790333431214"><ele>2010.6199951171875</ele></trkpt><trkpt lat="46.39250040240586" lon="8.060710333287716"><ele>2010.6699829101562</ele></trkpt><trkpt lat="46.392470402643085" lon="8.060650333296508"><ele>2010.72998046875</ele></trkpt><trkpt lat="46.392430402804166" lon="8.060530333314091"><ele>2010.72998046875</ele></trkpt><trkpt lat="46.392410402651876" lon="8.06042033340782"><ele>2010.4499816894531</ele></trkpt><trkpt lat="46.39240040257573" lon="8.060320333577693"><ele>2010.1799926757812</ele></trkpt><trkpt lat="46.392410402651876" lon="8.060170333366841"><ele>2010.0399780273438</ele></trkpt><trkpt lat="46.39242040226236" lon="8.059990333393216"><ele>2010.2599792480469</ele></trkpt><trkpt lat="46.39244040241465" lon="8.059840333182365"><ele>2010.0799865722656</ele></trkpt><trkpt lat="46.39246040256694" lon="8.059720333199948"><ele>2010.1299743652344</ele></trkpt><trkpt lat="46.39250040240586" lon="8.059580333530903"><ele>2010.7099914550781</ele></trkpt><trkpt lat="46.39254040271044" lon="8.059470333624631"><ele>2011.3699951171875</ele></trkpt><trkpt lat="46.39258040301502" lon="8.059350333642215"><ele>2012.4399719238281</ele></trkpt><trkpt lat="46.39259040309116" lon="8.059240333735943"><ele>2013.3499755859375</ele></trkpt><trkpt lat="46.39259040309116" lon="8.059140333905816"><ele>2014.4499816894531</ele></trkpt><trkpt lat="46.392590403556824" lon="8.05900033423677"><ele>2015.6799926757812</ele></trkpt><trkpt lat="46.39258040394634" lon="8.05872033443302"><ele>2017.3899841308594</ele></trkpt><trkpt lat="46.39258040394634" lon="8.058590334374458"><ele>2017.97998046875</ele></trkpt><trkpt lat="46.392590404022485" lon="8.058440334629267"><ele>2018.7599792480469</ele></trkpt><trkpt lat="46.392580404412" lon="8.058350334875286"><ele>2019.1299743652344</ele></trkpt><trkpt lat="46.392570404335856" lon="8.058260334655643"><ele>2019.3699951171875</ele></trkpt><trkpt lat="46.39251040434465" lon="8.058050334453583"><ele>2019.0499877929688</ele></trkpt><trkpt lat="46.392460404429585" lon="8.057920334860682"><ele>2018.989990234375</ele></trkpt><trkpt lat="46.39235040405765" lon="8.05764033459127"><ele>2018.5199890136719</ele></trkpt><trkpt lat="46.39220040477812" lon="8.057160335127264"><ele>2021.47998046875</ele></trkpt><trkpt lat="46.39208040526137" lon="8.05681033525616"><ele>2023.4099731445312</ele></trkpt><trkpt lat="46.39180040592328" lon="8.05611033597961"><ele>2026.8199768066406</ele></trkpt><trkpt lat="46.391670405864716" lon="8.05579033587128"><ele>2026.989990234375</ele></trkpt><trkpt lat="46.39164040563628" lon="8.055700335651636"><ele>2026.6999816894531</ele></trkpt><trkpt lat="46.391630405560136" lon="8.055640335660428"><ele>2026.4299926757812</ele></trkpt><trkpt lat="46.39160040579736" lon="8.055550335906446"><ele>2026.0999755859375</ele></trkpt><trkpt lat="46.39158040564507" lon="8.055460335686803"><ele>2026.2599792480469</ele></trkpt><trkpt lat="46.3915504058823" lon="8.055360335856676"><ele>2027.4999694824219</ele></trkpt><trkpt lat="46.39149040635675" lon="8.05509033612907"><ele>2029.47998046875</ele></trkpt><trkpt lat="46.391410406213254" lon="8.05488033639267"><ele>2029.969970703125</ele></trkpt><trkpt lat="46.391370406374335" lon="8.054780336562544"><ele>2030.3199768066406</ele></trkpt><trkpt lat="46.391350406222045" lon="8.05473033618182"><ele>2030.5499877929688</ele></trkpt><trkpt lat="46.39134040661156" lon="8.054690336342901"><ele>2030.6799926757812</ele></trkpt><trkpt lat="46.39135040668771" lon="8.054630336351693"><ele>2030.8799743652344</ele></trkpt><trkpt lat="46.39135040668771" lon="8.05458033643663"><ele>2031.1599731445312</ele></trkpt><trkpt lat="46.39134040661156" lon="8.05454033659771"><ele>2031.5299987792969</ele></trkpt><trkpt lat="46.39133040653542" lon="8.054520336445421"><ele>2031.739990234375</ele></trkpt><trkpt lat="46.39131040684879" lon="8.054490336682647"><ele>2032.3399963378906</ele></trkpt><trkpt lat="46.391280407086015" lon="8.054440336767584"><ele>2033.9099731445312</ele></trkpt><trkpt lat="46.391260407399386" lon="8.054400336928666"><ele>2035.1499938964844</ele></trkpt><trkpt lat="46.39122040756047" lon="8.054370337165892"><ele>2036.2899780273438</ele></trkpt><trkpt lat="46.391150407958776" lon="8.054290337488055"><ele>2037.3799743652344</ele></trkpt><trkpt lat="46.39112040773034" lon="8.054240337572992"><ele>2038.3399963378906</ele></trkpt><trkpt lat="46.391150407958776" lon="8.054220337886363"><ele>2039.0599975585938</ele></trkpt><trkpt lat="46.3912004083395" lon="8.054240338038653"><ele>2040.2899780273438</ele></trkpt><trkpt lat="46.391210408415645" lon="8.054240338038653"><ele>2040.47998046875</ele></trkpt><trkpt lat="46.39122040849179" lon="8.054230337962508"><ele>2040.5799865722656</ele></trkpt><trkpt lat="46.39122040849179" lon="8.054230337962508"><ele>2040.739990234375</ele></trkpt><trkpt lat="46.39122040849179" lon="8.05421033827588"><ele>2041.0699768066406</ele></trkpt><trkpt lat="46.391210408415645" lon="8.054180338047445"><ele>2041.7999877929688</ele></trkpt><trkpt lat="46.39118040911853" lon="8.054130338598043"><ele>2043.25</ele></trkpt><trkpt lat="46.39115040935576" lon="8.054050338454545"><ele>2044.3699951171875</ele></trkpt><trkpt lat="46.39113040920347" lon="8.054020338691771"><ele>2045.0999755859375</ele></trkpt><trkpt lat="46.39113040966913" lon="8.053960338700563"><ele>2046.22998046875</ele></trkpt><trkpt lat="46.39111040951684" lon="8.053920338861644"><ele>2047.0199890136719</ele></trkpt><trkpt lat="46.39110040990636" lon="8.05389033909887"><ele>2047.6799926757812</ele></trkpt><trkpt lat="46.39110040990636" lon="8.053860339336097"><ele>2048.25</ele></trkpt><trkpt lat="46.391090410295874" lon="8.053770339582115"><ele>2049.4199829101562</ele></trkpt><trkpt lat="46.391090410295874" lon="8.053720339667052"><ele>2050.1599731445312</ele></trkpt><trkpt lat="46.39108041021973" lon="8.053690339438617"><ele>2050.4299926757812</ele></trkpt><trkpt lat="46.391070410609245" lon="8.053660339675844"><ele>2050.72998046875</ele></trkpt><trkpt lat="46.391070410609245" lon="8.053630339447409"><ele>2051.029998779297</ele></trkpt><trkpt lat="46.3910604105331" lon="8.053580339532346"><ele>2051.5899963378906</ele></trkpt><trkpt lat="46.391050410456955" lon="8.053550339769572"><ele>2051.9099731445312</ele></trkpt><trkpt lat="46.3910104110837" lon="8.053490339778364"><ele>2053.1699829101562</ele></trkpt><trkpt lat="46.39099041093141" lon="8.053450339939445"><ele>2054.0799865722656</ele></trkpt><trkpt lat="46.390960411168635" lon="8.0534403398633"><ele>2053.8899841308594</ele></trkpt><trkpt lat="46.390790410805494" lon="8.053350340109318"><ele>2053.459991455078</ele></trkpt><trkpt lat="46.39072041073814" lon="8.053310339804739"><ele>2053.0999755859375</ele></trkpt><trkpt lat="46.39059041067958" lon="8.053160340059549"><ele>2052.6099853515625</ele></trkpt><trkpt lat="46.39044041046873" lon="8.053030340000987"><ele>2052.219970703125</ele></trkpt><trkpt lat="46.39038041094318" lon="8.052960339933634"><ele>2052.5899963378906</ele></trkpt><trkpt lat="46.390240410808474" lon="8.052810339722782"><ele>2052.779998779297</ele></trkpt><trkpt lat="46.39015041058883" lon="8.0527203399688"><ele>2052.459991455078</ele></trkpt><trkpt lat="46.39011041074991" lon="8.052650339901447"><ele>2052.5699768066406</ele></trkpt><trkpt lat="46.39010041067377" lon="8.052580339834094"><ele>2052.5</ele></trkpt><trkpt lat="46.39008041052148" lon="8.05253033991903"><ele>2052.1599731445312</ele></trkpt><trkpt lat="46.39002041053027" lon="8.052450339775532"><ele>2052.22998046875</ele></trkpt><trkpt lat="46.38994041085243" lon="8.052370339632034"><ele>2052.2899780273438</ele></trkpt><trkpt lat="46.38992041070014" lon="8.05236033955589"><ele>2052.3199768066406</ele></trkpt><trkpt lat="46.38989041047171" lon="8.052330339793116"><ele>2052.25</ele></trkpt><trkpt lat="46.389820410404354" lon="8.052270339801908"><ele>2052.1699829101562</ele></trkpt><trkpt lat="46.389780410565436" lon="8.052220339421183"><ele>2051.5399780273438</ele></trkpt><trkpt lat="46.389750410337" lon="8.05219033965841"><ele>2051.009979248047</ele></trkpt><trkpt lat="46.38970041042194" lon="8.05215033935383"><ele>2050.5599975585938</ele></trkpt><trkpt lat="46.38968041026965" lon="8.052140339277685"><ele>2050.4299926757812</ele></trkpt><trkpt lat="46.38956040982157" lon="8.052150338888168"><ele>2048.0799865722656</ele></trkpt><trkpt lat="46.38948040967807" lon="8.052170339040458"><ele>2048.019989013672</ele></trkpt><trkpt lat="46.38939040992409" lon="8.052170339040458"><ele>2049.3099975585938</ele></trkpt><trkpt lat="46.38934041000903" lon="8.052200339268893"><ele>2049.5899963378906</ele></trkpt><trkpt lat="46.38933040993288" lon="8.052210339345038"><ele>2049.6099853515625</ele></trkpt><trkpt lat="46.3892404101789" lon="8.052280339412391"><ele>2050.1799926757812</ele></trkpt><trkpt lat="46.389210410416126" lon="8.052290339488536"><ele>2050.6399841308594</ele></trkpt><trkpt lat="46.38920041033998" lon="8.052290339488536"><ele>2050.6099853515625</ele></trkpt><trkpt lat="46.3890304104425" lon="8.052290339488536"><ele>2050.5799865722656</ele></trkpt><trkpt lat="46.38898041052744" lon="8.052270339336246"><ele>2050.8999938964844</ele></trkpt><trkpt lat="46.38893041014671" lon="8.052240339573473"><ele>2050.8199768066406</ele></trkpt><trkpt lat="46.388870410155505" lon="8.052220339421183"><ele>2051.0599975585938</ele></trkpt><trkpt lat="46.38883041031659" lon="8.05219033965841"><ele>2051.0</ele></trkpt><trkpt lat="46.388720410410315" lon="8.052140339277685"><ele>2050.3799743652344</ele></trkpt><trkpt lat="46.38866041041911" lon="8.052100339438766"><ele>2050.3399963378906</ele></trkpt><trkpt lat="46.38860040996224" lon="8.052080339286476"><ele>2050.0999755859375</ele></trkpt><trkpt lat="46.38856041012332" lon="8.052070339210331"><ele>2049.8499755859375</ele></trkpt><trkpt lat="46.38848040997982" lon="8.052030339371413"><ele>2049.6799926757812</ele></trkpt><trkpt lat="46.38845041021705" lon="8.052020339295268"><ele>2049.5899963378906</ele></trkpt><trkpt lat="46.38840040983632" lon="8.052020339295268"><ele>2049.519989013672</ele></trkpt><trkpt lat="46.388360409997404" lon="8.052010339219123"><ele>2049.6399841308594</ele></trkpt><trkpt lat="46.38831041008234" lon="8.052010339219123"><ele>2049.6799926757812</ele></trkpt><trkpt lat="46.38825041009113" lon="8.051990339532495"><ele>2050.259979248047</ele></trkpt><trkpt lat="46.38818041002378" lon="8.05198033945635"><ele>2050.009979248047</ele></trkpt><trkpt lat="46.388110409956425" lon="8.05194033915177"><ele>2049.4199829101562</ele></trkpt><trkpt lat="46.38805040996522" lon="8.051900339312851"><ele>2049.0799865722656</ele></trkpt><trkpt lat="46.38799040997401" lon="8.051860339008272"><ele>2048.9099731445312</ele></trkpt><trkpt lat="46.387960409745574" lon="8.051830339245498"><ele>2048.959991455078</ele></trkpt><trkpt lat="46.3879304099828" lon="8.051810339093208"><ele>2049.1699829101562</ele></trkpt><trkpt lat="46.38789041014388" lon="8.05179033940658"><ele>2049.269989013672</ele></trkpt><trkpt lat="46.3878504098393" lon="8.051780339330435"><ele>2049.1599731445312</ele></trkpt><trkpt lat="46.387830410152674" lon="8.051760339178145"><ele>2049.1099853515625</ele></trkpt><trkpt lat="46.387810410000384" lon="8.051740339025855"><ele>2049.0899963378906</ele></trkpt><trkpt lat="46.38780040992424" lon="8.051710339263082"><ele>2049.209991455078</ele></trkpt><trkpt lat="46.387770410161465" lon="8.051670339424163"><ele>2049.3299865722656</ele></trkpt><trkpt lat="46.387750410009176" lon="8.051650339271873"><ele>2049.209991455078</ele></trkpt><trkpt lat="46.38769041001797" lon="8.051620339043438"><ele>2048.72998046875</ele></trkpt><trkpt lat="46.38757041003555" lon="8.051520339213312"><ele>2048.769989013672</ele></trkpt><trkpt lat="46.38751041004434" lon="8.051480339374393"><ele>2048.7899780273438</ele></trkpt><trkpt lat="46.38744040997699" lon="8.051440339069813"><ele>2048.6299743652344</ele></trkpt><trkpt lat="46.38738040998578" lon="8.05141033930704"><ele>2048.9199829101562</ele></trkpt><trkpt lat="46.387350409757346" lon="8.051380339078605"><ele>2048.8699951171875</ele></trkpt><trkpt lat="46.38731040991843" lon="8.05137033900246"><ele>2048.959991455078</ele></trkpt><trkpt lat="46.38729040976614" lon="8.051340339239687"><ele>2049.0</ele></trkpt><trkpt lat="46.38725040992722" lon="8.051310339011252"><ele>2049.019989013672</ele></trkpt><trkpt lat="46.387220409698784" lon="8.051310339011252"><ele>2049.0799865722656</ele></trkpt><trkpt lat="46.387200410012156" lon="8.051280339248478"><ele>2049.0399780273438</ele></trkpt><trkpt lat="46.387160409707576" lon="8.051280339248478"><ele>2048.75</ele></trkpt><trkpt lat="46.38708040956408" lon="8.051220338791609"><ele>2048.0599975585938</ele></trkpt><trkpt lat="46.38702040957287" lon="8.051150339189917"><ele>2047.8099975585938</ele></trkpt><trkpt lat="46.38694040942937" lon="8.051090338733047"><ele>2047.6299743652344</ele></trkpt><trkpt lat="46.38688040943816" lon="8.051030338741839"><ele>2047.4199829101562</ele></trkpt><trkpt lat="46.386820409446955" lon="8.050960338674486"><ele>2047.4099731445312</ele></trkpt><trkpt lat="46.38677040953189" lon="8.050880338996649"><ele>2047.1999816894531</ele></trkpt><trkpt lat="46.38668040977791" lon="8.050770339090377"><ele>2047.3699951171875</ele></trkpt><trkpt lat="46.386670409701765" lon="8.050730338785797"><ele>2047.2799987792969</ele></trkpt><trkpt lat="46.38664040947333" lon="8.050700338557363"><ele>2046.8799743652344</ele></trkpt><trkpt lat="46.386610409244895" lon="8.0506503386423"><ele>2046.8699951171875</ele></trkpt><trkpt lat="46.386590409558266" lon="8.050600338727236"><ele>2046.97998046875</ele></trkpt><trkpt lat="46.38653040956706" lon="8.050490338820964"><ele>2047.2999877929688</ele></trkpt><trkpt lat="46.38641040958464" lon="8.050190338864923"><ele>2046.8899841308594</ele></trkpt><trkpt lat="46.38635040912777" lon="8.050110338721424"><ele>2046.2099914550781</ele></trkpt><trkpt lat="46.38626040937379" lon="8.04991033859551"><ele>2046.8899841308594</ele></trkpt><trkpt lat="46.38621040945873" lon="8.049830338917673"><ele>2046.9199829101562</ele></trkpt><trkpt lat="46.38620040938258" lon="8.049780338536948"><ele>2046.8999938964844</ele></trkpt><trkpt lat="46.38617040961981" lon="8.04972033854574"><ele>2046.8599853515625</ele></trkpt><trkpt lat="46.38606040971354" lon="8.049460338894278"><ele>2047.9399719238281</ele></trkpt><trkpt lat="46.38605040963739" lon="8.049460338894278"><ele>2047.989990234375</ele></trkpt><trkpt lat="46.386100409552455" lon="8.04938033875078"><ele>2047.7699890136719</ele></trkpt><trkpt lat="46.38613040978089" lon="8.049290338996798"><ele>2047.6099853515625</ele></trkpt><trkpt lat="46.38615040946752" lon="8.049200338777155"><ele>2047.4199829101562</ele></trkpt><trkpt lat="46.38613040931523" lon="8.049100338481367"><ele>2046.22998046875</ele></trkpt><trkpt lat="46.38609040854499" lon="8.048820337746292"><ele>2041.5299987792969</ele></trkpt><trkpt lat="46.386090408079326" lon="8.04869033768773"><ele>2040.2799987792969</ele></trkpt><trkpt lat="46.386070407927036" lon="8.048620337620378"><ele>2039.1499938964844</ele></trkpt><trkpt lat="46.38600040739402" lon="8.048490337096155"><ele>2036.0599975585938</ele></trkpt><trkpt lat="46.38596040708944" lon="8.048380336724222"><ele>2034.8299865722656</ele></trkpt><trkpt lat="46.38594040693715" lon="8.048290336504579"><ele>2034.6599731445312</ele></trkpt><trkpt lat="46.385880406945944" lon="8.048130336683244"><ele>2034.5699768066406</ele></trkpt><trkpt lat="46.3858704068698" lon="8.048070336692035"><ele>2034.4599914550781</ele></trkpt><trkpt lat="46.3858704068698" lon="8.048020336776972"><ele>2034.3799743652344</ele></trkpt><trkpt lat="46.38583040703088" lon="8.047900336328894"><ele>2033.7599792480469</ele></trkpt><trkpt lat="46.38583040703088" lon="8.04785033641383"><ele>2033.739990234375</ele></trkpt><trkpt lat="46.385800406802446" lon="8.047760336659849"><ele>2033.3799743652344</ele></trkpt><trkpt lat="46.3857904067263" lon="8.047710336279124"><ele>2033.1699829101562</ele></trkpt><trkpt lat="46.38577040657401" lon="8.04764033621177"><ele>2032.0999755859375</ele></trkpt><trkpt lat="46.385740406345576" lon="8.047440336085856"><ele>2030.1999816894531</ele></trkpt><trkpt lat="46.38573040580377" lon="8.047310335561633"><ele>2028.3599853515625</ele></trkpt><trkpt lat="46.38574040541425" lon="8.047270335257053"><ele>2027.3699951171875</ele></trkpt><trkpt lat="46.38577040517703" lon="8.047190335113555"><ele>2025.6899719238281</ele></trkpt><trkpt lat="46.38578040525317" lon="8.047150335274637"><ele>2024.9499816894531</ele></trkpt><trkpt lat="46.38576040463522" lon="8.047030334826559"><ele>2023.2099914550781</ele></trkpt><trkpt lat="46.385710404254496" lon="8.04680033447221"><ele>2020.3299865722656</ele></trkpt><trkpt lat="46.38569040456787" lon="8.046730334404856"><ele>2020.8099975585938</ele></trkpt><trkpt lat="46.38568040449172" lon="8.046660334337503"><ele>2021.2799987792969</ele></trkpt><trkpt lat="46.38565040426329" lon="8.04657033411786"><ele>2020.5999755859375</ele></trkpt><trkpt lat="46.385630404111" lon="8.046480334363878"><ele>2020.4299926757812</ele></trkpt><trkpt lat="46.38560040388256" lon="8.0463603339158"><ele>2018.5099792480469</ele></trkpt><trkpt lat="46.38559040380642" lon="8.046260333620012"><ele>2017.6299743652344</ele></trkpt><trkpt lat="46.38559040380642" lon="8.04615033371374"><ele>2017.8199768066406</ele></trkpt><trkpt lat="46.38554040342569" lon="8.045810333453119"><ele>2016.0999755859375</ele></trkpt><trkpt lat="46.385520403273404" lon="8.045680333394557"><ele>2014.739990234375</ele></trkpt><trkpt lat="46.38549040304497" lon="8.045570333022624"><ele>2013.7999877929688</ele></trkpt><trkpt lat="46.3854304025881" lon="8.04535033321008"><ele>2013.0099792480469</ele></trkpt><trkpt lat="46.385380402673036" lon="8.045190332923084"><ele>2011.719970703125</ele></trkpt><trkpt lat="46.385340402368456" lon="8.045030332636088"><ele>2010.0999755859375</ele></trkpt><trkpt lat="46.38531040167436" lon="8.044880332425237"><ele>2008.2899780273438</ele></trkpt><trkpt lat="46.38527040183544" lon="8.044730332214385"><ele>2007.719970703125</ele></trkpt><trkpt lat="46.38523040153086" lon="8.044600332155824"><ele>2007.1599731445312</ele></trkpt><trkpt lat="46.38519040169194" lon="8.044460332021117"><ele>2007.0099792480469</ele></trkpt><trkpt lat="46.38517040153965" lon="8.044390331953764"><ele>2006.4599914550781</ele></trkpt><trkpt lat="46.385150401387364" lon="8.044280331581831"><ele>2005.4599914550781</ele></trkpt><trkpt lat="46.385130401235074" lon="8.044220331590623"><ele>2004.3899841308594</ele></trkpt><trkpt lat="46.38512040115893" lon="8.04417033167556"><ele>2003.6899719238281</ele></trkpt><trkpt lat="46.38512040069327" lon="8.0440903310664"><ele>2002.5299987792969</ele></trkpt><trkpt lat="46.38510040054098" lon="8.044010330922902"><ele>2000.989990234375</ele></trkpt><trkpt lat="46.38507039984688" lon="8.043900330550969"><ele>1998.6099853515625</ele></trkpt><trkpt lat="46.3850303995423" lon="8.043670330196619"><ele>1996.5699768066406</ele></trkpt><trkpt lat="46.38502039946616" lon="8.043580330442637"><ele>1996.3499755859375</ele></trkpt><trkpt lat="46.38500039931387" lon="8.04348033014685"><ele>1996.3699951171875</ele></trkpt><trkpt lat="46.384970399551094" lon="8.043400330003351"><ele>1995.969970703125</ele></trkpt><trkpt lat="46.38496039947495" lon="8.043340330012143"><ele>1996.0099792480469</ele></trkpt><trkpt lat="46.384950399398804" lon="8.04331033024937"><ele>1995.8899841308594</ele></trkpt><trkpt lat="46.384930399246514" lon="8.043260330334306"><ele>1995.5899963378906</ele></trkpt><trkpt lat="46.38490039901808" lon="8.0431203301996"><ele>1994.6199951171875</ele></trkpt><trkpt lat="46.384870399255306" lon="8.043020329903811"><ele>1993.8399963378906</ele></trkpt><trkpt lat="46.384830398950726" lon="8.042900329921395"><ele>1993.6299743652344</ele></trkpt><trkpt lat="46.38478039903566" lon="8.042810329701751"><ele>1993.5</ele></trkpt><trkpt lat="46.38475039880723" lon="8.04272032994777"><ele>1993.6799926757812</ele></trkpt><trkpt lat="46.38469039881602" lon="8.042600329499692"><ele>1992.8799743652344</ele></trkpt><trkpt lat="46.384640398435295" lon="8.04247032944113"><ele>1991.8799743652344</ele></trkpt><trkpt lat="46.384580398444086" lon="8.042310329154134"><ele>1991.2699890136719</ele></trkpt><trkpt lat="46.38457039836794" lon="8.04228032939136"><ele>1991.1399841308594</ele></trkpt><trkpt lat="46.38454039860517" lon="8.042180329095572"><ele>1990.6599731445312</ele></trkpt><trkpt lat="46.38451039837673" lon="8.042150329332799"><ele>1990.1299743652344</ele></trkpt><trkpt lat="46.38450039783493" lon="8.0420703291893"><ele>1988.8699951171875</ele></trkpt><trkpt lat="46.38450039783493" lon="8.041990329045802"><ele>1988.0999755859375</ele></trkpt><trkpt lat="46.38450039783493" lon="8.041950328741223"><ele>1987.3799743652344</ele></trkpt><trkpt lat="46.38446039753035" lon="8.041830328758806"><ele>1986.1899719238281</ele></trkpt><trkpt lat="46.38443039730191" lon="8.041730328463018"><ele>1985.469970703125</ele></trkpt><trkpt lat="46.384390397462994" lon="8.04165032831952"><ele>1985.6199951171875</ele></trkpt><trkpt lat="46.384390397462994" lon="8.041580328717828"><ele>1986.4599914550781</ele></trkpt><trkpt lat="46.38431039778516" lon="8.04133032867685"><ele>1986.5099792480469</ele></trkpt><trkpt lat="46.38430039770901" lon="8.041240328457206"><ele>1986.4099731445312</ele></trkpt><trkpt lat="46.38426039740443" lon="8.041130328550935"><ele>1985.8399963378906</ele></trkpt><trkpt lat="46.38425039732829" lon="8.041080328635871"><ele>1985.8799743652344</ele></trkpt><trkpt lat="46.384220397565514" lon="8.040980328340083"><ele>1985.239990234375</ele></trkpt><trkpt lat="46.384200397413224" lon="8.040800328366458"><ele>1984.489990234375</ele></trkpt><trkpt lat="46.38419039687142" lon="8.040730327833444"><ele>1983.489990234375</ele></trkpt><trkpt lat="46.38419039687142" lon="8.040640328079462"><ele>1982.6699829101562</ele></trkpt><trkpt lat="46.38418039679527" lon="8.040550327859819"><ele>1982.1499938964844</ele></trkpt><trkpt lat="46.38418039679527" lon="8.040480327792466"><ele>1981.6599731445312</ele></trkpt><trkpt lat="46.38417039671913" lon="8.040440327953547"><ele>1981.5499877929688</ele></trkpt><trkpt lat="46.38400039682165" lon="8.040140327997506"><ele>1981.9499816894531</ele></trkpt><trkpt lat="46.38395039644092" lon="8.040070327464491"><ele>1980.5699768066406</ele></trkpt><trkpt lat="46.38386039575562" lon="8.039910327177495"><ele>1978.3399963378906</ele></trkpt><trkpt lat="46.3838203959167" lon="8.039850327186286"><ele>1977.5899963378906</ele></trkpt><trkpt lat="46.38376039545983" lon="8.039740326814353"><ele>1976.8799743652344</ele></trkpt><trkpt lat="46.38370039546862" lon="8.039660326670855"><ele>1975.969970703125</ele></trkpt><trkpt lat="46.38367039524019" lon="8.039600326679647"><ele>1975.2999877929688</ele></trkpt><trkpt lat="46.38361039524898" lon="8.039520326536149"><ele>1973.5199890136719</ele></trkpt><trkpt lat="46.38359039509669" lon="8.039490326307714"><ele>1973.1299743652344</ele></trkpt><trkpt lat="46.38359039509669" lon="8.039470326155424"><ele>1972.8899841308594</ele></trkpt><trkpt lat="46.383580395020545" lon="8.03944032639265"><ele>1972.5199890136719</ele></trkpt><trkpt lat="46.38353039463982" lon="8.039350326173007"><ele>1971.1999816894531</ele></trkpt><trkpt lat="46.38349039433524" lon="8.03927032602951"><ele>1970.2999877929688</ele></trkpt><trkpt lat="46.383440393954515" lon="8.039170325733721"><ele>1968.9399719238281</ele></trkpt><trkpt lat="46.38336039381102" lon="8.03898032521829"><ele>1967.2099914550781</ele></trkpt><trkpt lat="46.38332039350644" lon="8.038890324998647"><ele>1966.2599792480469</ele></trkpt><trkpt lat="46.38325039297342" lon="8.038670324720442"><ele>1963.9299926757812</ele></trkpt><trkpt lat="46.38324039289728" lon="8.038630324881524"><ele>1963.3599853515625</ele></trkpt><trkpt lat="46.38316039228812" lon="8.038440323900431"><ele>1959.3099975585938</ele></trkpt><trkpt lat="46.383130392059684" lon="8.038380323909223"><ele>1958.1799926757812</ele></trkpt><trkpt lat="46.38312039198354" lon="8.038320323918015"><ele>1957.3099975585938</ele></trkpt><trkpt lat="46.38310039183125" lon="8.03827032353729"><ele>1956.6399841308594</ele></trkpt><trkpt lat="46.38306039152667" lon="8.038150323554873"><ele>1955.5499877929688</ele></trkpt><trkpt lat="46.382990391459316" lon="8.038000323344022"><ele>1954.719970703125</ele></trkpt><trkpt lat="46.38296039123088" lon="8.037960323039442"><ele>1954.0499877929688</ele></trkpt><trkpt lat="46.38294039107859" lon="8.037910323124379"><ele>1953.8099975585938</ele></trkpt><trkpt lat="46.38285039132461" lon="8.037750323303044"><ele>1953.7699890136719</ele></trkpt><trkpt lat="46.382800390943885" lon="8.03768032323569"><ele>1953.47998046875</ele></trkpt><trkpt lat="46.38270039111376" lon="8.03749032318592"><ele>1954.1199951171875</ele></trkpt><trkpt lat="46.38269039103761" lon="8.037450323347002"><ele>1953.989990234375</ele></trkpt><trkpt lat="46.38267039088532" lon="8.037430323194712"><ele>1953.739990234375</ele></trkpt><trkpt lat="46.38264039112255" lon="8.037370323203504"><ele>1953.5899963378906</ele></trkpt><trkpt lat="46.38262039097026" lon="8.037310323212296"><ele>1953.9399719238281</ele></trkpt><trkpt lat="46.38258039113134" lon="8.037210322916508"><ele>1953.6599731445312</ele></trkpt><trkpt lat="46.38254039082676" lon="8.037080322857946"><ele>1952.9299926757812</ele></trkpt><trkpt lat="46.38251039059833" lon="8.037030322477221"><ele>1951.47998046875</ele></trkpt><trkpt lat="46.38249039044604" lon="8.037020322401077"><ele>1951.0399780273438</ele></trkpt><trkpt lat="46.38247039075941" lon="8.036960322409868"><ele>1950.8399963378906</ele></trkpt><trkpt lat="46.38245039060712" lon="8.036870322655886"><ele>1951.0099792480469</ele></trkpt><trkpt lat="46.382440390530974" lon="8.036810322664678"><ele>1951.2099914550781</ele></trkpt><trkpt lat="46.3824903909117" lon="8.0365603226237"><ele>1951.6999816894531</ele></trkpt><trkpt lat="46.38251039059833" lon="8.036470322404057"><ele>1951.0399780273438</ele></trkpt><trkpt lat="46.38252039067447" lon="8.036430322565138"><ele>1951.0</ele></trkpt><trkpt lat="46.3825403903611" lon="8.036360322497785"><ele>1951.0</ele></trkpt><trkpt lat="46.382570390589535" lon="8.036300322506577"><ele>1951.0</ele></trkpt><trkpt lat="46.38263039058074" lon="8.036210322752595"><ele>1951.0</ele></trkpt><trkpt lat="46.38266039080918" lon="8.03616032237187"><ele>1951.0</ele></trkpt><trkpt lat="46.3827003906481" lon="8.036120322532952"><ele>1951.0799865722656</ele></trkpt><trkpt lat="46.38272039080039" lon="8.036090322770178"><ele>1951.0</ele></trkpt><trkpt lat="46.38272039080039" lon="8.036050322465599"><ele>1951.239990234375</ele></trkpt><trkpt lat="46.3827003906481" lon="8.035980322398245"><ele>1951.239990234375</ele></trkpt><trkpt lat="46.38268039096147" lon="8.035870322957635"><ele>1952.0399780273438</ele></trkpt><trkpt lat="46.38265039073303" lon="8.035790322814137"><ele>1952.6899719238281</ele></trkpt><trkpt lat="46.38262039097026" lon="8.035730322822928"><ele>1953.1599731445312</ele></trkpt><trkpt lat="46.38255039136857" lon="8.035600323230028"><ele>1954.7099914550781</ele></trkpt><trkpt lat="46.38253039121628" lon="8.035550323314965"><ele>1955.1699829101562</ele></trkpt><trkpt lat="46.382500391453505" lon="8.035490323323756"><ele>1955.7699890136719</ele></trkpt><trkpt lat="46.38247039169073" lon="8.035450323484838"><ele>1956.1699829101562</ele></trkpt><trkpt lat="46.38245039153844" lon="8.035420323256403"><ele>1955.8899841308594</ele></trkpt><trkpt lat="46.38239039154723" lon="8.035260323435068"><ele>1955.2799987792969</ele></trkpt><trkpt lat="46.38237039139494" lon="8.035220323130488"><ele>1955.0799865722656</ele></trkpt><trkpt lat="46.38232039101422" lon="8.035130322910845"><ele>1954.3499755859375</ele></trkpt><trkpt lat="46.38230039132759" lon="8.035080322995782"><ele>1953.9299926757812</ele></trkpt><trkpt lat="46.382270391099155" lon="8.034980322699994"><ele>1953.3499755859375</ele></trkpt><trkpt lat="46.382250390946865" lon="8.034900322556496"><ele>1952.5399780273438</ele></trkpt><trkpt lat="46.38224039087072" lon="8.034870322793722"><ele>1952.2099914550781</ele></trkpt><trkpt lat="46.382230390794575" lon="8.034850322641432"><ele>1951.8399963378906</ele></trkpt><trkpt lat="46.382190390489995" lon="8.034780322574079"><ele>1950.5099792480469</ele></trkpt><trkpt lat="46.38216039026156" lon="8.0347403222695"><ele>1949.9499816894531</ele></trkpt><trkpt lat="46.382130390033126" lon="8.034710322041065"><ele>1949.2799987792969</ele></trkpt><trkpt lat="46.3821103903465" lon="8.034670322202146"><ele>1948.9099731445312</ele></trkpt><trkpt lat="46.38210039027035" lon="8.034620322287083"><ele>1948.8399963378906</ele></trkpt><trkpt lat="46.38208039011806" lon="8.034570321906358"><ele>1948.6099853515625</ele></trkpt><trkpt lat="46.382030390203" lon="8.034520321991295"><ele>1948.5799865722656</ele></trkpt><trkpt lat="46.38199038989842" lon="8.034470322076231"><ele>1948.5699768066406</ele></trkpt><trkpt lat="46.381940389983356" lon="8.034420322161168"><ele>1948.8399963378906</ele></trkpt><trkpt lat="46.38192039029673" lon="8.034390322398394"><ele>1949.1299743652344</ele></trkpt><trkpt lat="46.38190039014444" lon="8.034340322483331"><ele>1949.6799926757812</ele></trkpt><trkpt lat="46.381890390533954" lon="8.034320322331041"><ele>1949.9299926757812</ele></trkpt><trkpt lat="46.381870390381664" lon="8.034310322254896"><ele>1950.0899963378906</ele></trkpt><trkpt lat="46.381830390542746" lon="8.034220322500914"><ele>1950.219970703125</ele></trkpt><trkpt lat="46.381790390238166" lon="8.034150322433561"><ele>1950.4099731445312</ele></trkpt><trkpt lat="46.38177039055154" lon="8.034090322442353"><ele>1950.8599853515625</ele></trkpt><trkpt lat="46.38171039009467" lon="8.033990322146565"><ele>1949.2999877929688</ele></trkpt><trkpt lat="46.38163038995117" lon="8.033890321850777"><ele>1948.1899719238281</ele></trkpt><trkpt lat="46.381600389722735" lon="8.033870322164148"><ele>1947.8899841308594</ele></trkpt><trkpt lat="46.38150038989261" lon="8.033700321801007"><ele>1946.7999877929688</ele></trkpt><trkpt lat="46.38146038958803" lon="8.033640321809798"><ele>1946.4199829101562</ele></trkpt><trkpt lat="46.38138038944453" lon="8.033520321827382"><ele>1945.7099914550781</ele></trkpt><trkpt lat="46.381350389216095" lon="8.033490321598947"><ele>1945.1599731445312</ele></trkpt><trkpt lat="46.38130038930103" lon="8.033410321455449"><ele>1944.5299987792969</ele></trkpt><trkpt lat="46.38124038930982" lon="8.033340321388096"><ele>1943.9599914550781</ele></trkpt><trkpt lat="46.38123038923368" lon="8.033320321235806"><ele>1943.6699829101562</ele></trkpt><trkpt lat="46.3811903889291" lon="8.033280320931226"><ele>1943.0399780273438</ele></trkpt><trkpt lat="46.38117038877681" lon="8.033240321092308"><ele>1942.7699890136719</ele></trkpt><trkpt lat="46.38115038909018" lon="8.033210320863873"><ele>1942.5</ele></trkpt><trkpt lat="46.381100388709456" lon="8.033110321033746"><ele>1942.0</ele></trkpt><trkpt lat="46.381080388557166" lon="8.033070320729166"><ele>1941.6199951171875</ele></trkpt><trkpt lat="46.38106038887054" lon="8.033040320966393"><ele>1941.5</ele></trkpt><trkpt lat="46.38104038871825" lon="8.03299032105133"><ele>1941.2999877929688</ele></trkpt><trkpt lat="46.38098038826138" lon="8.032890320755541"><ele>1940.5499877929688</ele></trkpt><trkpt lat="46.38096038857475" lon="8.032840320840478"><ele>1940.1699829101562</ele></trkpt><trkpt lat="46.38094038842246" lon="8.032800320535898"><ele>1939.739990234375</ele></trkpt><trkpt lat="46.38090038811788" lon="8.032730320468545"><ele>1939.3999938964844</ele></trkpt><trkpt lat="46.38090038811788" lon="8.032730320468545"><ele>1939.3899841308594</ele></trkpt><trkpt lat="46.38086038827896" lon="8.032650320790708"><ele>1939.7099914550781</ele></trkpt><trkpt lat="46.3808103883639" lon="8.032560320571065"><ele>1940.219970703125</ele></trkpt><trkpt lat="46.38077038805932" lon="8.032500320579857"><ele>1939.3499755859375</ele></trkpt><trkpt lat="46.38075038790703" lon="8.032440320588648"><ele>1938.719970703125</ele></trkpt><trkpt lat="46.380660387687385" lon="8.032280320301652"><ele>1937.6799926757812</ele></trkpt><trkpt lat="46.38061038777232" lon="8.032160320319235"><ele>1937.0999755859375</ele></trkpt><trkpt lat="46.38056038785726" lon="8.032070320099592"><ele>1936.3999938964844</ele></trkpt><trkpt lat="46.380510387476534" lon="8.03192031988874"><ele>1936.0799865722656</ele></trkpt><trkpt lat="46.380470387637615" lon="8.031830320134759"><ele>1936.2899780273438</ele></trkpt><trkpt lat="46.380450387485325" lon="8.031740319915116"><ele>1936.3899841308594</ele></trkpt><trkpt lat="46.38042038772255" lon="8.031630320008844"><ele>1936.25</ele></trkpt><trkpt lat="46.38041038764641" lon="8.03158032009378"><ele>1936.2699890136719</ele></trkpt><trkpt lat="46.38037038780749" lon="8.031500319950283"><ele>1936.4099731445312</ele></trkpt><trkpt lat="46.3803503876552" lon="8.031440319959074"><ele>1936.3299865722656</ele></trkpt><trkpt lat="46.3803503876552" lon="8.031400320120156"><ele>1936.239990234375</ele></trkpt><trkpt lat="46.380340387579054" lon="8.031380319967866"><ele>1936.0999755859375</ele></trkpt><trkpt lat="46.38031038735062" lon="8.031290319748223"><ele>1935.8099975585938</ele></trkpt><trkpt lat="46.380260387435555" lon="8.031170319765806"><ele>1935.3699951171875</ele></trkpt><trkpt lat="46.3801903873682" lon="8.031000319868326"><ele>1934.8599853515625</ele></trkpt><trkpt lat="46.38017038721591" lon="8.030890319962054"><ele>1935.0</ele></trkpt><trkpt lat="46.380130387376994" lon="8.030760319437832"><ele>1934.3199768066406</ele></trkpt><trkpt lat="46.38010038714856" lon="8.03069031983614"><ele>1934.3099975585938</ele></trkpt><trkpt lat="46.380070387385786" lon="8.030660319607705"><ele>1934.6399841308594</ele></trkpt><trkpt lat="46.38006038730964" lon="8.03065031953156"><ele>1934.8499755859375</ele></trkpt><trkpt lat="46.38000038731843" lon="8.030570319853723"><ele>1935.3799743652344</ele></trkpt><trkpt lat="46.379980387631804" lon="8.03050031978637"><ele>1935.6599731445312</ele></trkpt><trkpt lat="46.379920387174934" lon="8.030430319719017"><ele>1935.1699829101562</ele></trkpt><trkpt lat="46.37989038741216" lon="8.030360319651663"><ele>1935.0099792480469</ele></trkpt><trkpt lat="46.3798403874971" lon="8.030230319593102"><ele>1935.0299987792969</ele></trkpt><trkpt lat="46.3798403874971" lon="8.030130319762975"><ele>1936.0099792480469</ele></trkpt><trkpt lat="46.37983038742095" lon="8.030080319847912"><ele>1936.3799743652344</ele></trkpt><trkpt lat="46.379810387734324" lon="8.030030319932848"><ele>1936.6499938964844</ele></trkpt><trkpt lat="46.379810387734324" lon="8.02997031994164"><ele>1936.5599975585938</ele></trkpt><trkpt lat="46.37978038750589" lon="8.029900319874287"><ele>1936.6599731445312</ele></trkpt><trkpt lat="46.37976038781926" lon="8.029870320111513"><ele>1937.2099914550781</ele></trkpt><trkpt lat="46.37973038805649" lon="8.029760320205241"><ele>1937.8099975585938</ele></trkpt><trkpt lat="46.37969038775191" lon="8.029680320061743"><ele>1937.8999938964844</ele></trkpt><trkpt lat="46.37965038791299" lon="8.029590320307761"><ele>1938.1199951171875</ele></trkpt><trkpt lat="46.379640387836844" lon="8.029550320003182"><ele>1938.3499755859375</ele></trkpt><trkpt lat="46.37961038853973" lon="8.0293303206563"><ele>1941.0999755859375</ele></trkpt><trkpt lat="46.37961038853973" lon="8.029240320902318"><ele>1941.7999877929688</ele></trkpt><trkpt lat="46.37961038853973" lon="8.029230320826173"><ele>1941.8699951171875</ele></trkpt><trkpt lat="46.37961038853973" lon="8.02918032091111"><ele>1942.1699829101562</ele></trkpt><trkpt lat="46.379620388615876" lon="8.029130320996046"><ele>1942.3999938964844</ele></trkpt><trkpt lat="46.379620388615876" lon="8.029070321004838"><ele>1942.5</ele></trkpt><trkpt lat="46.37958038877696" lon="8.02897032070905"><ele>1942.6499938964844</ele></trkpt><trkpt lat="46.37941038841382" lon="8.0287403203547"><ele>1940.0299987792969</ele></trkpt><trkpt lat="46.37936038803309" lon="8.028680320363492"><ele>1939.1399841308594</ele></trkpt><trkpt lat="46.37927038781345" lon="8.028610320296139"><ele>1938.22998046875</ele></trkpt><trkpt lat="46.379240388050675" lon="8.028580320067704"><ele>1937.8699951171875</ele></trkpt><trkpt lat="46.37919038766995" lon="8.02853032015264"><ele>1937.4199829101562</ele></trkpt><trkpt lat="46.379030387382954" lon="8.02834031963721"><ele>1935.0699768066406</ele></trkpt><trkpt lat="46.37898038746789" lon="8.028270319569856"><ele>1934.5199890136719</ele></trkpt><trkpt lat="46.378930387087166" lon="8.028210319578648"><ele>1934.0</ele></trkpt><trkpt lat="46.37889038724825" lon="8.028140319511294"><ele>1933.5</ele></trkpt><trkpt lat="46.37879038695246" lon="8.028010319452733"><ele>1932.6899719238281</ele></trkpt><trkpt lat="46.37877038680017" lon="8.027980319224298"><ele>1932.5</ele></trkpt><trkpt lat="46.37875038664788" lon="8.027940318919718"><ele>1932.1699829101562</ele></trkpt><trkpt lat="46.37871038680896" lon="8.027890319004655"><ele>1931.9199829101562</ele></trkpt><trkpt lat="46.37871038680896" lon="8.02788031892851"><ele>1931.8799743652344</ele></trkpt><trkpt lat="46.37866038642824" lon="8.027830319013447"><ele>1931.3799743652344</ele></trkpt><trkpt lat="46.37860038643703" lon="8.027760318946093"><ele>1931.0099792480469</ele></trkpt><trkpt lat="46.37854038644582" lon="8.027700318954885"><ele>1930.739990234375</ele></trkpt><trkpt lat="46.3785003866069" lon="8.027660319115967"><ele>1930.6699829101562</ele></trkpt><trkpt lat="46.378440386615694" lon="8.027600318659097"><ele>1930.5299987792969</ele></trkpt><trkpt lat="46.37839038623497" lon="8.027540318667889"><ele>1930.5699768066406</ele></trkpt><trkpt lat="46.378360386472195" lon="8.027470319066197"><ele>1930.75</ele></trkpt><trkpt lat="46.37831038655713" lon="8.027400318998843"><ele>1930.8399963378906</ele></trkpt><trkpt lat="46.37828038679436" lon="8.027320318855345"><ele>1931.1899719238281</ele></trkpt><trkpt lat="46.378250386565924" lon="8.027240319177508"><ele>1931.5299987792969</ele></trkpt><trkpt lat="46.37822038680315" lon="8.027150318957865"><ele>1931.7599792480469</ele></trkpt><trkpt lat="46.37818038649857" lon="8.027100319042802"><ele>1931.9399719238281</ele></trkpt><trkpt lat="46.37814038665965" lon="8.027020319364965"><ele>1932.5899963378906</ele></trkpt><trkpt lat="46.37809038674459" lon="8.026910318993032"><ele>1932.8599853515625</ele></trkpt><trkpt lat="46.37805038690567" lon="8.026830319315195"><ele>1933.0599975585938</ele></trkpt><trkpt lat="46.37801038706675" lon="8.026750319171697"><ele>1933.4599914550781</ele></trkpt><trkpt lat="46.37796038715169" lon="8.02667031949386"><ele>1933.97998046875</ele></trkpt><trkpt lat="46.3779403869994" lon="8.026590319350362"><ele>1934.5399780273438</ele></trkpt><trkpt lat="46.37787038739771" lon="8.026400319766253"><ele>1936.0399780273438</ele></trkpt><trkpt lat="46.37777038803324" lon="8.026150320190936"><ele>1938.1199951171875</ele></trkpt><trkpt lat="46.37772038811818" lon="8.02603032020852"><ele>1939.3199768066406</ele></trkpt><trkpt lat="46.37768038827926" lon="8.025930320378393"><ele>1939.9599914550781</ele></trkpt><trkpt lat="46.377650388516486" lon="8.025810320395976"><ele>1940.4299926757812</ele></trkpt><trkpt lat="46.37758038844913" lon="8.025570320431143"><ele>1941.1499938964844</ele></trkpt><trkpt lat="46.377560388762504" lon="8.025450320448726"><ele>1941.5799865722656</ele></trkpt><trkpt lat="46.37753038853407" lon="8.025360320694745"><ele>1942.0599975585938</ele></trkpt><trkpt lat="46.37747038947418" lon="8.025150320958346"><ele>1945.0</ele></trkpt><trkpt lat="46.37745038932189" lon="8.025040321052074"><ele>1946.22998046875</ele></trkpt><trkpt lat="46.37744038971141" lon="8.024910321459174"><ele>1947.5699768066406</ele></trkpt><trkpt lat="46.377430390100926" lon="8.024780321866274"><ele>1949.1299743652344</ele></trkpt><trkpt lat="46.37743039056659" lon="8.024650321807712"><ele>1950.6299743652344</ele></trkpt><trkpt lat="46.37745039071888" lon="8.024520322214812"><ele>1951.9499816894531</ele></trkpt><trkpt lat="46.37748039094731" lon="8.024320322554559"><ele>1954.3299865722656</ele></trkpt><trkpt lat="46.3775303917937" lon="8.024100323207676"><ele>1957.3299865722656</ele></trkpt><trkpt lat="46.37758039217442" lon="8.023940323386341"><ele>1960.3599853515625</ele></trkpt><trkpt lat="46.37761039240286" lon="8.02385032363236"><ele>1961.75</ele></trkpt><trkpt lat="46.37765039270744" lon="8.023770323954523"><ele>1962.0699768066406</ele></trkpt><trkpt lat="46.377710392698646" lon="8.023660324048251"><ele>1963.0</ele></trkpt><trkpt lat="46.37774039292708" lon="8.023570324294269"><ele>1964.239990234375</ele></trkpt><trkpt lat="46.37776039307937" lon="8.02351032430306"><ele>1964.9299926757812</ele></trkpt><trkpt lat="46.37777039362118" lon="8.023420324549079"><ele>1966.2899780273438</ele></trkpt><trkpt lat="46.377790393773466" lon="8.023370324634016"><ele>1967.489990234375</ele></trkpt><trkpt lat="46.377810393925756" lon="8.023340324871242"><ele>1968.219970703125</ele></trkpt><trkpt lat="46.377830394078046" lon="8.023320324718952"><ele>1968.8499755859375</ele></trkpt><trkpt lat="46.377910394221544" lon="8.023330325260758"><ele>1970.4599914550781</ele></trkpt><trkpt lat="46.37796039460227" lon="8.023350325413048"><ele>1971.5799865722656</ele></trkpt><trkpt lat="46.37798039475456" lon="8.023380325175822"><ele>1972.2099914550781</ele></trkpt><trkpt lat="46.378010394982994" lon="8.023410325404257"><ele>1973.0</ele></trkpt><trkpt lat="46.37804039521143" lon="8.023490325547755"><ele>1974.739990234375</ele></trkpt><trkpt lat="46.37807039543986" lon="8.02356032608077"><ele>1976.5099792480469</ele></trkpt><trkpt lat="46.37809039559215" lon="8.023610326461494"><ele>1977.9299926757812</ele></trkpt><trkpt lat="46.37812039582059" lon="8.023620326537639"><ele>1978.3299865722656</ele></trkpt><trkpt lat="46.3781003956683" lon="8.023460326250643"><ele>1977.7999877929688</ele></trkpt><trkpt lat="46.37811039574444" lon="8.023430326487869"><ele>1978.0399780273438</ele></trkpt><trkpt lat="46.37813039589673" lon="8.02339032664895"><ele>1978.8999938964844</ele></trkpt><trkpt lat="46.37817039620131" lon="8.023310326971114"><ele>1980.9299926757812</ele></trkpt><trkpt lat="46.37820039642975" lon="8.023270327132195"><ele>1981.8899841308594</ele></trkpt><trkpt lat="46.37821039650589" lon="8.023250326979905"><ele>1982.5999755859375</ele></trkpt><trkpt lat="46.3783003971912" lon="8.023160327691585"><ele>1985.8999938964844</ele></trkpt><trkpt lat="46.3783003971912" lon="8.023140327539295"><ele>1986.1099853515625</ele></trkpt><trkpt lat="46.378360397648066" lon="8.023070327937603"><ele>1988.3999938964844</ele></trkpt><trkpt lat="46.378380397800356" lon="8.023010327946395"><ele>1988.8999938964844</ele></trkpt><trkpt lat="46.378420398104936" lon="8.02287032827735"><ele>1990.5999755859375</ele></trkpt><trkpt lat="46.3784203985706" lon="8.022830328438431"><ele>1991.2999877929688</ele></trkpt><trkpt lat="46.37841039896011" lon="8.02272032853216"><ele>1993.3499755859375</ele></trkpt><trkpt lat="46.37841039896011" lon="8.02268032869324"><ele>1994.1999816894531</ele></trkpt><trkpt lat="46.378410399425775" lon="8.022560329176486"><ele>1996.3999938964844</ele></trkpt><trkpt lat="46.37840039934963" lon="8.022490329574794"><ele>1997.3999938964844</ele></trkpt><trkpt lat="46.37840040028095" lon="8.022340329829603"><ele>2000.219970703125</ele></trkpt><trkpt lat="46.37840040028095" lon="8.022230329923332"><ele>2002.0799865722656</ele></trkpt><trkpt lat="46.378400400746614" lon="8.022200330160558"><ele>2002.5999755859375</ele></trkpt><trkpt lat="46.378400400746614" lon="8.022170330397785"><ele>2003.1999816894531</ele></trkpt><trkpt lat="46.37841040082276" lon="8.022120330482721"><ele>2004.0399780273438</ele></trkpt><trkpt lat="46.37841040082276" lon="8.022090330719948"><ele>2004.719970703125</ele></trkpt><trkpt lat="46.37841040128842" lon="8.02203033072874"><ele>2005.5</ele></trkpt><trkpt lat="46.378400401212275" lon="8.021950330585241"><ele>2006.219970703125</ele></trkpt><trkpt lat="46.378400401212275" lon="8.021870330907404"><ele>2007.0299987792969</ele></trkpt><trkpt lat="46.378400401677936" lon="8.021770331077278"><ele>2008.219970703125</ele></trkpt><trkpt lat="46.378400401677936" lon="8.021700331009924"><ele>2008.9099731445312</ele></trkpt><trkpt lat="46.37839040206745" lon="8.021640331484377"><ele>2009.8199768066406</ele></trkpt><trkpt lat="46.37839040206745" lon="8.021610331255943"><ele>2010.0399780273438</ele></trkpt><trkpt lat="46.37836040230468" lon="8.02150033134967"><ele>2011.1399841308594</ele></trkpt><trkpt lat="46.378350402228534" lon="8.021470331586897"><ele>2011.5499877929688</ele></trkpt><trkpt lat="46.37834040261805" lon="8.021380331832916"><ele>2013.1099853515625</ele></trkpt><trkpt lat="46.37834040308371" lon="8.021290332078934"><ele>2014.6599731445312</ele></trkpt><trkpt lat="46.37834040308371" lon="8.02126033231616"><ele>2015.1599731445312</ele></trkpt><trkpt lat="46.37834040308371" lon="8.021230332087725"><ele>2015.5399780273438</ele></trkpt><trkpt lat="46.37834040308371" lon="8.021210332401097"><ele>2015.6699829101562</ele></trkpt><trkpt lat="46.37835040315986" lon="8.021190332248807"><ele>2015.8499755859375</ele></trkpt><trkpt lat="46.37837040331215" lon="8.021140332333744"><ele>2016.4099731445312</ele></trkpt><trkpt lat="46.37839040346444" lon="8.021100332494825"><ele>2017.2699890136719</ele></trkpt><trkpt lat="46.37840040354058" lon="8.021060332655907"><ele>2017.9199829101562</ele></trkpt><trkpt lat="46.37840040354058" lon="8.021050332579762"><ele>2018.219970703125</ele></trkpt><trkpt lat="46.37840040354058" lon="8.021000332664698"><ele>2018.8299865722656</ele></trkpt><trkpt lat="46.3783904039301" lon="8.02094033267349"><ele>2019.4499816894531</ele></trkpt><trkpt lat="46.378360404167324" lon="8.020800333004445"><ele>2020.4399719238281</ele></trkpt><trkpt lat="46.378320404328406" lon="8.020650333259255"><ele>2022.3699951171875</ele></trkpt><trkpt lat="46.378250404726714" lon="8.020570333581418"><ele>2023.9599914550781</ele></trkpt><trkpt lat="46.378210404887795" lon="8.0205303337425"><ele>2024.9499816894531</ele></trkpt><trkpt lat="46.37817040504888" lon="8.020470333751291"><ele>2025.7999877929688</ele></trkpt><trkpt lat="46.37813040520996" lon="8.020400334149599"><ele>2026.6299743652344</ele></trkpt><trkpt lat="46.37809040537104" lon="8.02034033415839"><ele>2026.8799743652344</ele></trkpt><trkpt lat="46.37806040560827" lon="8.020260334014893"><ele>2027.1799926757812</ele></trkpt><trkpt lat="46.37802040576935" lon="8.020160334184766"><ele>2028.0799865722656</ele></trkpt><trkpt lat="46.377970405854285" lon="8.020050334278494"><ele>2028.6199951171875</ele></trkpt><trkpt lat="46.3778804061003" lon="8.019840334542096"><ele>2031.1699829101562</ele></trkpt><trkpt lat="46.3778304066509" lon="8.019750334788114"><ele>2032.6599731445312</ele></trkpt><trkpt lat="46.37780040688813" lon="8.019680335186422"><ele>2034.0199890136719</ele></trkpt><trkpt lat="46.377750406973064" lon="8.019600335508585"><ele>2035.2699890136719</ele></trkpt><trkpt lat="46.377710407134145" lon="8.019510335288942"><ele>2036.3199768066406</ele></trkpt><trkpt lat="46.37768040737137" lon="8.01946033583954"><ele>2037.1399841308594</ele></trkpt><trkpt lat="46.37761040730402" lon="8.019340335857123"><ele>2037.9599914550781</ele></trkpt><trkpt lat="46.377580407541245" lon="8.01927033578977"><ele>2038.6399841308594</ele></trkpt><trkpt lat="46.37753040762618" lon="8.019190336111933"><ele>2039.6699829101562</ele></trkpt><trkpt lat="46.37749040778726" lon="8.019130336120725"><ele>2040.6699829101562</ele></trkpt><trkpt lat="46.37741040857509" lon="8.019020336680114"><ele>2042.7699890136719</ele></trkpt><trkpt lat="46.377360408660024" lon="8.01897033676505"><ele>2043.6299743652344</ele></trkpt><trkpt lat="46.37733040889725" lon="8.018940336536616"><ele>2044.0799865722656</ele></trkpt><trkpt lat="46.377320408821106" lon="8.018900336697698"><ele>2044.6499938964844</ele></trkpt><trkpt lat="46.37731040874496" lon="8.01886033685878"><ele>2045.219970703125</ele></trkpt><trkpt lat="46.37731040921062" lon="8.018780337180942"><ele>2046.2899780273438</ele></trkpt><trkpt lat="46.37731040921062" lon="8.018700337037444"><ele>2047.3499755859375</ele></trkpt><trkpt lat="46.37731040921062" lon="8.018640337511897"><ele>2047.989990234375</ele></trkpt><trkpt lat="46.37732040975243" lon="8.018590337596834"><ele>2048.8999938964844</ele></trkpt><trkpt lat="46.37736041005701" lon="8.018530337605625"><ele>2050.25</ele></trkpt><trkpt lat="46.37740041036159" lon="8.018470338080078"><ele>2052.0499877929688</ele></trkpt><trkpt lat="46.37743041059002" lon="8.018440338317305"><ele>2053.1199951171875</ele></trkpt><trkpt lat="46.377480410505086" lon="8.018410338554531"><ele>2054.3699951171875</ele></trkpt><trkpt lat="46.377520410809666" lon="8.018380338326097"><ele>2055.2899780273438</ele></trkpt><trkpt lat="46.3775504110381" lon="8.018330338876694"><ele>2056.5499877929688</ele></trkpt><trkpt lat="46.37759041134268" lon="8.018250338733196"><ele>2058.22998046875</ele></trkpt><trkpt lat="46.37761041149497" lon="8.01819033920765"><ele>2059.5899963378906</ele></trkpt><trkpt lat="46.37763041211292" lon="8.018140339292586"><ele>2060.6399841308594</ele></trkpt><trkpt lat="46.377720412332565" lon="8.01804033992812"><ele>2063.3499755859375</ele></trkpt><trkpt lat="46.377740412484854" lon="8.01800033962354"><ele>2063.709991455078</ele></trkpt><trkpt lat="46.377750412561" lon="8.017980339936912"><ele>2063.8399963378906</ele></trkpt><trkpt lat="46.377750412561" lon="8.017980339936912"><ele>2063.8399963378906</ele></trkpt><trkpt lat="46.377750412561" lon="8.017980339936912"><ele>2063.8499755859375</ele></trkpt><trkpt lat="46.377720412798226" lon="8.017950339708477"><ele>2063.9099731445312</ele></trkpt><trkpt lat="46.3776704124175" lon="8.01787034003064"><ele>2064.22998046875</ele></trkpt><trkpt lat="46.37760041281581" lon="8.017740339972079"><ele>2065.1799926757812</ele></trkpt><trkpt lat="46.37751041306183" lon="8.017630340531468"><ele>2067.189971923828</ele></trkpt><trkpt lat="46.37747041322291" lon="8.01757034054026"><ele>2067.8999938964844</ele></trkpt><trkpt lat="46.377440413460135" lon="8.017480340320617"><ele>2068.3799743652344</ele></trkpt><trkpt lat="46.377420413307846" lon="8.0173603403382"><ele>2068.4099731445312</ele></trkpt><trkpt lat="46.37743041338399" lon="8.017220340669155"><ele>2068.25</ele></trkpt><trkpt lat="46.37743041338399" lon="8.017130340449512"><ele>2068.259979248047</ele></trkpt><trkpt lat="46.377420413307846" lon="8.017070340458304"><ele>2068.459991455078</ele></trkpt><trkpt lat="46.37739041354507" lon="8.01702034054324"><ele>2068.5999755859375</ele></trkpt><trkpt lat="46.377350413706154" lon="8.016990340780467"><ele>2068.739990234375</ele></trkpt><trkpt lat="46.37724041379988" lon="8.016940340865403"><ele>2069.6799926757812</ele></trkpt><trkpt lat="46.377160413656384" lon="8.01687034079805"><ele>2070.6099853515625</ele></trkpt><trkpt lat="46.37711041374132" lon="8.016850341111422"><ele>2071.0</ele></trkpt><trkpt lat="46.37700041430071" lon="8.016810341272503"><ele>2072.1799926757812</ele></trkpt><trkpt lat="46.37698041461408" lon="8.016810341272503"><ele>2073.3499755859375</ele></trkpt><trkpt lat="46.37696041446179" lon="8.016790341585875"><ele>2073.8199768066406</ele></trkpt><trkpt lat="46.3768904148601" lon="8.016730341594666"><ele>2074.9199829101562</ele></trkpt><trkpt lat="46.376860414631665" lon="8.016730341594666"><ele>2075.3799743652344</ele></trkpt><trkpt lat="46.376820414792746" lon="8.016760341823101"><ele>2076.3399963378906</ele></trkpt><trkpt lat="46.37680041510612" lon="8.016770341899246"><ele>2076.5899963378906</ele></trkpt><trkpt lat="46.3767604152672" lon="8.016760341823101"><ele>2077.1099853515625</ele></trkpt><trkpt lat="46.3767604152672" lon="8.016790342051536"><ele>2076.97998046875</ele></trkpt><trkpt lat="46.376730415038764" lon="8.016790342051536"><ele>2076.8699951171875</ele></trkpt><trkpt lat="46.37670041481033" lon="8.016790342051536"><ele>2076.5899963378906</ele></trkpt><trkpt lat="46.376650414895266" lon="8.016780341975391"><ele>2076.2999877929688</ele></trkpt><trkpt lat="46.3766004149802" lon="8.016770341899246"><ele>2076.239990234375</ele></trkpt><trkpt lat="46.37657041475177" lon="8.016780341975391"><ele>2076.2999877929688</ele></trkpt><trkpt lat="46.376540414988995" lon="8.016810341738164"><ele>2076.47998046875</ele></trkpt><trkpt lat="46.376500415150076" lon="8.016830341890454"><ele>2077.4099731445312</ele></trkpt><trkpt lat="46.37640041578561" lon="8.01684034243226"><ele>2080.1799926757812</ele></trkpt><trkpt lat="46.37633041571826" lon="8.016790342517197"><ele>2081.3699951171875</ele></trkpt><trkpt lat="46.376260416116565" lon="8.016780342441052"><ele>2081.759979248047</ele></trkpt><trkpt lat="46.376090416219085" lon="8.016780342906713"><ele>2083.3599853515625</ele></trkpt><trkpt lat="46.37605041638017" lon="8.016780342906713"><ele>2083.699981689453</ele></trkpt><trkpt lat="46.375960416626185" lon="8.01677034329623"><ele>2085.0799865722656</ele></trkpt><trkpt lat="46.37573041720316" lon="8.01666034385562"><ele>2088.459991455078</ele></trkpt><trkpt lat="46.37567041721195" lon="8.01664034370333"><ele>2088.959991455078</ele></trkpt><trkpt lat="46.375620417296886" lon="8.016610343940556"><ele>2089.0899963378906</ele></trkpt><trkpt lat="46.37554041761905" lon="8.016580343712121"><ele>2089.4199829101562</ele></trkpt><trkpt lat="46.37548041762784" lon="8.016570344101638"><ele>2089.509979248047</ele></trkpt><trkpt lat="46.37542041763663" lon="8.016560344025493"><ele>2089.6499938964844</ele></trkpt><trkpt lat="46.375360417645425" lon="8.016570344101638"><ele>2090.029998779297</ele></trkpt><trkpt lat="46.37524041766301" lon="8.016580344177783"><ele>2090.6599731445312</ele></trkpt><trkpt lat="46.375150417909026" lon="8.016570344101638"><ele>2091.1599731445312</ele></trkpt><trkpt lat="46.3750504180789" lon="8.016500344499946"><ele>2092.6399841308594</ele></trkpt><trkpt lat="46.375020418316126" lon="8.0164903444238"><ele>2092.969970703125</ele></trkpt><trkpt lat="46.37497041840106" lon="8.016500344499946"><ele>2093.1299743652344</ele></trkpt><trkpt lat="46.37488041818142" lon="8.016480344347656"><ele>2093.47998046875</ele></trkpt><trkpt lat="46.37482041819021" lon="8.016450344584882"><ele>2093.6299743652344</ele></trkpt><trkpt lat="46.37475041858852" lon="8.016380344517529"><ele>2094.6299743652344</ele></trkpt><trkpt lat="46.37469041859731" lon="8.016350344754755"><ele>2094.989990234375</ele></trkpt><trkpt lat="46.3746304186061" lon="8.016340345144272"><ele>2096.029998779297</ele></trkpt><trkpt lat="46.374590418767184" lon="8.016340345144272"><ele>2096.6599731445312</ele></trkpt><trkpt lat="46.374530418775976" lon="8.01638034498319"><ele>2097.029998779297</ele></trkpt><trkpt lat="46.37449041893706" lon="8.01642034528777"><ele>2096.9199829101562</ele></trkpt><trkpt lat="46.374420418869704" lon="8.016510345041752"><ele>2095.959991455078</ele></trkpt><trkpt lat="46.37437041848898" lon="8.016580344643444"><ele>2095.1799926757812</ele></trkpt><trkpt lat="46.374320418573916" lon="8.016620344482362"><ele>2094.6299743652344</ele></trkpt><trkpt lat="46.374260418117046" lon="8.016650344710797"><ele>2094.019989013672</ele></trkpt><trkpt lat="46.37420041812584" lon="8.016660344786942"><ele>2093.9099731445312</ele></trkpt><trkpt lat="46.374150418210775" lon="8.016640344634652"><ele>2094.47998046875</ele></trkpt><trkpt lat="46.374020418617874" lon="8.01670034462586"><ele>2094.6099853515625</ele></trkpt><trkpt lat="46.373980418313295" lon="8.01672034477815"><ele>2094.9199829101562</ele></trkpt><trkpt lat="46.37393041839823" lon="8.016780344769359"><ele>2094.8199768066406</ele></trkpt><trkpt lat="46.373920418322086" lon="8.016810344532132"><ele>2094.8999938964844</ele></trkpt><trkpt lat="46.37388041848317" lon="8.01687034452334"><ele>2094.7999877929688</ele></trkpt><trkpt lat="46.373810418415815" lon="8.016960344742984"><ele>2094.7999877929688</ele></trkpt><trkpt lat="46.37376041850075" lon="8.016990344971418"><ele>2094.8099975585938</ele></trkpt><trkpt lat="46.37373041873798" lon="8.017010344658047"><ele>2095.0999755859375</ele></trkpt><trkpt lat="46.37367041874677" lon="8.017040344886482"><ele>2095.5599975585938</ele></trkpt><trkpt lat="46.373620418831706" lon="8.017070344649255"><ele>2095.6199951171875</ele></trkpt><trkpt lat="46.37359041860327" lon="8.01710034487769"><ele>2095.72998046875</ele></trkpt><trkpt lat="46.37355041876435" lon="8.017150344792753"><ele>2095.3799743652344</ele></trkpt><trkpt lat="46.37348041823134" lon="8.01725034462288"><ele>2094.7999877929688</ele></trkpt><trkpt lat="46.373430418316275" lon="8.017320344690233"><ele>2094.3199768066406</ele></trkpt><trkpt lat="46.37337041832507" lon="8.017410344444215"><ele>2094.0499877929688</ele></trkpt><trkpt lat="46.37335041817278" lon="8.01746034482494"><ele>2093.9099731445312</ele></trkpt><trkpt lat="46.37331041833386" lon="8.017510344740003"><ele>2093.9099731445312</ele></trkpt><trkpt lat="46.37329041818157" lon="8.017540344502777"><ele>2093.949981689453</ele></trkpt><trkpt lat="46.37327041802928" lon="8.017550344578922"><ele>2093.8599853515625</ele></trkpt><trkpt lat="46.37321041803807" lon="8.017550344578922"><ele>2093.6599731445312</ele></trkpt><trkpt lat="46.37317041819915" lon="8.017560344655067"><ele>2093.6399841308594</ele></trkpt><trkpt lat="46.37315041804686" lon="8.017570344731212"><ele>2093.529998779297</ele></trkpt><trkpt lat="46.37313041836023" lon="8.017580344341695"><ele>2093.4299926757812</ele></trkpt><trkpt lat="46.37312041828409" lon="8.01761034457013"><ele>2093.3999938964844</ele></trkpt><trkpt lat="46.373090418055654" lon="8.017710344400257"><ele>2093.529998779297</ele></trkpt><trkpt lat="46.37304041814059" lon="8.017830344382674"><ele>2093.6699829101562</ele></trkpt><trkpt lat="46.37301041837782" lon="8.017890344839543"><ele>2093.739990234375</ele></trkpt><trkpt lat="46.37297041807324" lon="8.017920344602317"><ele>2093.9299926757812</ele></trkpt><trkpt lat="46.37293041823432" lon="8.017950344830751"><ele>2093.9199829101562</ele></trkpt><trkpt lat="46.37291041808203" lon="8.01797034451738"><ele>2094.009979248047</ele></trkpt><trkpt lat="46.37285041809082" lon="8.01799034466967"><ele>2093.759979248047</ele></trkpt><trkpt lat="46.3728104182519" lon="8.01801034482196"><ele>2093.8599853515625</ele></trkpt><trkpt lat="46.37276041833684" lon="8.018060344737023"><ele>2093.9299926757812</ele></trkpt><trkpt lat="46.37275041826069" lon="8.018070344813168"><ele>2093.9299926757812</ele></trkpt><trkpt lat="46.37272041803226" lon="8.018060344737023"><ele>2093.8999938964844</ele></trkpt><trkpt lat="46.37270041834563" lon="8.018070344813168"><ele>2093.989990234375</ele></trkpt><trkpt lat="46.37265041843057" lon="8.018100344575942"><ele>2094.239990234375</ele></trkpt><trkpt lat="46.37263041827828" lon="8.018100344575942"><ele>2094.1199951171875</ele></trkpt><trkpt lat="46.37261041812599" lon="8.018100344575942"><ele>2093.949981689453</ele></trkpt><trkpt lat="46.37257041828707" lon="8.018080344423652"><ele>2093.7899780273438</ele></trkpt><trkpt lat="46.37253041798249" lon="8.018070344813168"><ele>2093.779998779297</ele></trkpt><trkpt lat="46.37251041829586" lon="8.018070344813168"><ele>2093.769989013672</ele></trkpt><trkpt lat="46.372480418067425" lon="8.018060344737023"><ele>2093.719970703125</ele></trkpt><trkpt lat="46.37245041830465" lon="8.018050344660878"><ele>2093.529998779297</ele></trkpt><trkpt lat="46.37240041792393" lon="8.018050344660878"><ele>2093.5</ele></trkpt><trkpt lat="46.372350418008864" lon="8.018070344347507"><ele>2093.3999938964844</ele></trkpt><trkpt lat="46.372310418169945" lon="8.018080344423652"><ele>2093.2899780273438</ele></trkpt><trkpt lat="46.372270417865366" lon="8.018090344499797"><ele>2093.0899963378906</ele></trkpt><trkpt lat="46.37224041810259" lon="8.018080344423652"><ele>2092.8199768066406</ele></trkpt><trkpt lat="46.37220041779801" lon="8.018060344271362"><ele>2092.469970703125</ele></trkpt><trkpt lat="46.372180418111384" lon="8.018060344271362"><ele>2092.3899841308594</ele></trkpt><trkpt lat="46.372160417959094" lon="8.018050344195217"><ele>2092.1599731445312</ele></trkpt><trkpt lat="46.372120417654514" lon="8.018050344195217"><ele>2091.8499755859375</ele></trkpt><trkpt lat="46.372100417967886" lon="8.018030344042927"><ele>2091.6199951171875</ele></trkpt><trkpt lat="46.37207041773945" lon="8.018010344356298"><ele>2091.4099731445312</ele></trkpt><trkpt lat="46.372060417663306" lon="8.017990344204009"><ele>2091.239990234375</ele></trkpt><trkpt lat="46.37202041782439" lon="8.017990344204009"><ele>2090.8499755859375</ele></trkpt><trkpt lat="46.37198041751981" lon="8.017970344051719"><ele>2090.529998779297</ele></trkpt><trkpt lat="46.371930417604744" lon="8.017950343899429"><ele>2090.1199951171875</ele></trkpt><trkpt lat="46.37182041723281" lon="8.017930343747139"><ele>2089.3999938964844</ele></trkpt><trkpt lat="46.37178041739389" lon="8.017900343984365"><ele>2089.0399780273438</ele></trkpt><trkpt lat="46.37175041716546" lon="8.017900343984365"><ele>2088.8599853515625</ele></trkpt><trkpt lat="46.37173041747883" lon="8.017880343832076"><ele>2089.0399780273438</ele></trkpt><trkpt lat="46.371700417250395" lon="8.01785034360364"><ele>2088.6199951171875</ele></trkpt><trkpt lat="46.371660416945815" lon="8.017830343917012"><ele>2088.449981689453</ele></trkpt><trkpt lat="46.37158041726798" lon="8.017790343612432"><ele>2088.3199768066406</ele></trkpt><trkpt lat="46.37157041719183" lon="8.017770343925804"><ele>2088.239990234375</ele></trkpt><trkpt lat="46.3715404169634" lon="8.017750343773514"><ele>2088.0999755859375</ele></trkpt><trkpt lat="46.37150041712448" lon="8.01772034354508"><ele>2087.769989013672</ele></trkpt><trkpt lat="46.371450416743755" lon="8.017690343316644"><ele>2087.209991455078</ele></trkpt><trkpt lat="46.37140041682869" lon="8.017690343316644"><ele>2087.1199951171875</ele></trkpt><trkpt lat="46.37135041691363" lon="8.01768034370616"><ele>2087.009979248047</ele></trkpt><trkpt lat="46.371260416693985" lon="8.017660343553871"><ele>2086.8699951171875</ele></trkpt><trkpt lat="46.37121041677892" lon="8.017630343325436"><ele>2087.239990234375</ele></trkpt><trkpt lat="46.37114041671157" lon="8.017630343325436"><ele>2086.959991455078</ele></trkpt><trkpt lat="46.37110041687265" lon="8.017620343714952"><ele>2087.1199951171875</ele></trkpt><trkpt lat="46.37101041665301" lon="8.017570343334228"><ele>2086.97998046875</ele></trkpt><trkpt lat="46.37097041681409" lon="8.017560343723744"><ele>2087.199981689453</ele></trkpt><trkpt lat="46.37091041682288" lon="8.0175503436476"><ele>2087.6099853515625</ele></trkpt><trkpt lat="46.37084041675553" lon="8.01753034349531"><ele>2086.8599853515625</ele></trkpt><trkpt lat="46.37078041676432" lon="8.01753034349531"><ele>2086.2999877929688</ele></trkpt><trkpt lat="46.370690416544676" lon="8.017550343181938"><ele>2085.519989013672</ele></trkpt><trkpt lat="46.37063041655347" lon="8.01753034349531"><ele>2085.5899963378906</ele></trkpt><trkpt lat="46.370500416494906" lon="8.01751034334302"><ele>2085.3899841308594</ele></trkpt><trkpt lat="46.37046041665599" lon="8.017500343266875"><ele>2085.2899780273438</ele></trkpt><trkpt lat="46.37042041635141" lon="8.01749034319073"><ele>2084.9299926757812</ele></trkpt><trkpt lat="46.370290416292846" lon="8.01749034319073"><ele>2084.0499877929688</ele></trkpt><trkpt lat="46.3702004160732" lon="8.017480343114585"><ele>2083.689971923828</ele></trkpt><trkpt lat="46.370140416081995" lon="8.017460342962295"><ele>2083.6799926757812</ele></trkpt><trkpt lat="46.37004041625187" lon="8.01745034288615"><ele>2083.0999755859375</ele></trkpt><trkpt lat="46.36994041595608" lon="8.01745034288615"><ele>2082.75</ele></trkpt><trkpt lat="46.36985041573644" lon="8.017450342420489"><ele>2081.6599731445312</ele></trkpt><trkpt lat="46.36980041582137" lon="8.017440342810005"><ele>2081.47998046875</ele></trkpt><trkpt lat="46.36975041590631" lon="8.01743034273386"><ele>2081.6099853515625</ele></trkpt><trkpt lat="46.369720415677875" lon="8.01741034258157"><ele>2081.5699768066406</ele></trkpt><trkpt lat="46.369610415771604" lon="8.017420342657715"><ele>2081.25</ele></trkpt><trkpt lat="46.36956041585654" lon="8.01741034258157"><ele>2081.3599853515625</ele></trkpt><trkpt lat="46.36952041555196" lon="8.01739034242928"><ele>2081.1399841308594</ele></trkpt><trkpt lat="46.36948041571304" lon="8.01739034242928"><ele>2080.9299926757812</ele></trkpt><trkpt lat="46.369360415264964" lon="8.017400342505425"><ele>2080.509979248047</ele></trkpt><trkpt lat="46.369300415273756" lon="8.017400342505425"><ele>2080.0799865722656</ele></trkpt><trkpt lat="46.36925041535869" lon="8.017400342505425"><ele>2080.469970703125</ele></trkpt><trkpt lat="46.36918041529134" lon="8.01739034242928"><ele>2080.5</ele></trkpt><trkpt lat="46.36912041530013" lon="8.01737034227699"><ele>2080.1599731445312</ele></trkpt><trkpt lat="46.36908041546121" lon="8.017360342200845"><ele>2079.969970703125</ele></trkpt><trkpt lat="46.369040415622294" lon="8.01737034227699"><ele>2080.0799865722656</ele></trkpt><trkpt lat="46.36899041524157" lon="8.017380342353135"><ele>2079.6699829101562</ele></trkpt><trkpt lat="46.36895041540265" lon="8.01737034227699"><ele>2079.5999755859375</ele></trkpt><trkpt lat="46.36886041564867" lon="8.017360342666507"><ele>2080.519989013672</ele></trkpt><trkpt lat="46.36876041581854" lon="8.017340342514217"><ele>2081.8599853515625</ele></trkpt><trkpt lat="46.36873041559011" lon="8.017320342827588"><ele>2081.72998046875</ele></trkpt><trkpt lat="46.36869041575119" lon="8.017300342675298"><ele>2081.7999877929688</ele></trkpt><trkpt lat="46.3685904154554" lon="8.017270342446864"><ele>2081.5799865722656</ele></trkpt><trkpt lat="46.36840041540563" lon="8.0172203425318"><ele>2081.449981689453</ele></trkpt><trkpt lat="46.36833041580394" lon="8.017180342692882"><ele>2081.6399841308594</ele></trkpt><trkpt lat="46.36831041565165" lon="8.017170342616737"><ele>2081.3199768066406</ele></trkpt><trkpt lat="46.368280415423214" lon="8.017150342464447"><ele>2081.269989013672</ele></trkpt><trkpt lat="46.36810041544959" lon="8.017080342397094"><ele>2079.939971923828</ele></trkpt><trkpt lat="46.368010415229946" lon="8.017050342168659"><ele>2079.739990234375</ele></trkpt><trkpt lat="46.36799041507766" lon="8.017040342092514"><ele>2079.6699829101562</ele></trkpt><trkpt lat="46.36794041516259" lon="8.017050342168659"><ele>2079.6599731445312</ele></trkpt><trkpt lat="46.36789041524753" lon="8.017050342168659"><ele>2079.469970703125</ele></trkpt><trkpt lat="46.36785041540861" lon="8.017040342092514"><ele>2079.519989013672</ele></trkpt><trkpt lat="46.36781041510403" lon="8.017050342168659"><ele>2079.689971923828</ele></trkpt><trkpt lat="46.36776041518897" lon="8.017080342397094"><ele>2080.209991455078</ele></trkpt><trkpt lat="46.36770041519776" lon="8.017070342320949"><ele>2080.1299743652344</ele></trkpt><trkpt lat="46.36762041551992" lon="8.017020342405885"><ele>2080.0399780273438</ele></trkpt><trkpt lat="46.367540415376425" lon="8.01701034232974"><ele>2080.0599975585938</ele></trkpt><trkpt lat="46.36751041514799" lon="8.01701034232974"><ele>2079.9299926757812</ele></trkpt><trkpt lat="46.3674904149957" lon="8.017000342253596"><ele>2079.2899780273438</ele></trkpt><trkpt lat="46.36745041515678" lon="8.01697034202516"><ele>2078.209991455078</ele></trkpt><trkpt lat="46.36740041477606" lon="8.016960341949016"><ele>2077.6499938964844</ele></trkpt><trkpt lat="46.36736041447148" lon="8.016940341796726"><ele>2076.8599853515625</ele></trkpt><trkpt lat="46.36730041448027" lon="8.016920341644436"><ele>2074.8999938964844</ele></trkpt><trkpt lat="46.36726041417569" lon="8.016910341568291"><ele>2073.8999938964844</ele></trkpt><trkpt lat="46.36711041396484" lon="8.016860341187567"><ele>2073.1399841308594</ele></trkpt><trkpt lat="46.36710041388869" lon="8.016850341111422"><ele>2072.9099731445312</ele></trkpt><trkpt lat="46.36707041366026" lon="8.016850341111422"><ele>2072.489990234375</ele></trkpt><trkpt lat="46.367020413745195" lon="8.016840341035277"><ele>2072.019989013672</ele></trkpt><trkpt lat="46.366960413753986" lon="8.016830340959132"><ele>2070.969970703125</ele></trkpt><trkpt lat="46.3668604134582" lon="8.016810340806842"><ele>2069.8499755859375</ele></trkpt><trkpt lat="46.366810413077474" lon="8.016790340654552"><ele>2069.6299743652344</ele></trkpt><trkpt lat="46.3667004131712" lon="8.016790340654552"><ele>2069.519989013672</ele></trkpt><trkpt lat="46.36665041325614" lon="8.016790340654552"><ele>2069.5499877929688</ele></trkpt><trkpt lat="46.36657041311264" lon="8.016800340730697"><ele>2069.3699951171875</ele></trkpt><trkpt lat="46.36651041312143" lon="8.016780340578407"><ele>2069.3099975585938</ele></trkpt><trkpt lat="46.36640041321516" lon="8.016710340511054"><ele>2069.259979248047</ele></trkpt><trkpt lat="46.366260413080454" lon="8.01662034029141"><ele>2068.8799743652344</ele></trkpt><trkpt lat="46.36612041294575" lon="8.016510340385139"><ele>2067.5</ele></trkpt><trkpt lat="46.36607041256502" lon="8.01647034008056"><ele>2067.019989013672</ele></trkpt><trkpt lat="46.366030412726104" lon="8.016460340004414"><ele>2066.8599853515625</ele></trkpt><trkpt lat="46.36598041281104" lon="8.01643034024164"><ele>2066.5899963378906</ele></trkpt><trkpt lat="46.36593041289598" lon="8.016360340174288"><ele>2066.8399963378906</ele></trkpt><trkpt lat="46.36588041251525" lon="8.016320340335369"><ele>2066.739990234375</ele></trkpt><trkpt lat="46.36583041260019" lon="8.016310340259224"><ele>2066.0</ele></trkpt><trkpt lat="46.365780412219465" lon="8.016330339945853"><ele>2065.6099853515625</ele></trkpt><trkpt lat="46.3657304123044" lon="8.016360339708626"><ele>2065.3999938964844</ele></trkpt><trkpt lat="46.36568041238934" lon="8.016380339860916"><ele>2065.2999877929688</ele></trkpt><trkpt lat="46.36564041208476" lon="8.016380339860916"><ele>2064.8799743652344</ele></trkpt><trkpt lat="46.365570412017405" lon="8.016340340021998"><ele>2064.5</ele></trkpt><trkpt lat="46.36553041217849" lon="8.016310339793563"><ele>2064.529998779297</ele></trkpt><trkpt lat="46.36547041218728" lon="8.016290339641273"><ele>2064.779998779297</ele></trkpt><trkpt lat="46.365420412272215" lon="8.01624033972621"><ele>2064.8699951171875</ele></trkpt><trkpt lat="46.36535041220486" lon="8.016160340048373"><ele>2065.279998779297</ele></trkpt><trkpt lat="46.36528041260317" lon="8.016080339904875"><ele>2066.009979248047</ele></trkpt><trkpt lat="46.36518041277304" lon="8.016000340227038"><ele>2066.8799743652344</ele></trkpt><trkpt lat="46.365080412942916" lon="8.015950340311974"><ele>2067.8599853515625</ele></trkpt><trkpt lat="46.364970413036644" lon="8.015880340710282"><ele>2069.1799926757812</ele></trkpt><trkpt lat="46.36494041327387" lon="8.015850340481848"><ele>2069.959991455078</ele></trkpt><trkpt lat="46.36489041335881" lon="8.015850340481848"><ele>2070.279998779297</ele></trkpt><trkpt lat="46.364820413291454" lon="8.015830340795219"><ele>2071.0699768066406</ele></trkpt><trkpt lat="46.36479041352868" lon="8.015810340642929"><ele>2071.3899841308594</ele></trkpt><trkpt lat="46.36476041376591" lon="8.015750341117382"><ele>2071.8999938964844</ele></trkpt><trkpt lat="46.36473041353747" lon="8.015660340897739"><ele>2072.1699829101562</ele></trkpt><trkpt lat="46.364690413698554" lon="8.015590340830386"><ele>2072.5999755859375</ele></trkpt><trkpt lat="46.36464041378349" lon="8.015540340915322"><ele>2073.009979248047</ele></trkpt><trkpt lat="46.36461041402072" lon="8.015500341076404"><ele>2073.3599853515625</ele></trkpt><trkpt lat="46.364540413953364" lon="8.015400341246277"><ele>2073.279998779297</ele></trkpt><trkpt lat="46.364480413962156" lon="8.015360341407359"><ele>2073.8999938964844</ele></trkpt><trkpt lat="46.36443041404709" lon="8.015350341331214"><ele>2074.0599975585938</ele></trkpt><trkpt lat="46.36438041413203" lon="8.015320341102779"><ele>2074.1099853515625</ele></trkpt><trkpt lat="46.364330414216965" lon="8.01530034141615"><ele>2074.4299926757812</ele></trkpt><trkpt lat="46.36424041399732" lon="8.01530034141615"><ele>2074.469970703125</ele></trkpt><trkpt lat="46.364200414158404" lon="8.01528034126386"><ele>2074.529998779297</ele></trkpt><trkpt lat="46.36415041424334" lon="8.015240341424942"><ele>2074.529998779297</ele></trkpt><trkpt lat="46.364100413862616" lon="8.015200341120362"><ele>2073.9099731445312</ele></trkpt><trkpt lat="46.36405041394755" lon="8.015170340891927"><ele>2073.0999755859375</ele></trkpt><trkpt lat="46.36401041364297" lon="8.015140341129154"><ele>2072.769989013672</ele></trkpt><trkpt lat="46.363950413651764" lon="8.01511034090072"><ele>2072.459991455078</ele></trkpt><trkpt lat="46.363910413812846" lon="8.0150703410618"><ele>2072.1499938964844</ele></trkpt><trkpt lat="46.363870413508266" lon="8.015060340985656"><ele>2072.0399780273438</ele></trkpt><trkpt lat="46.36383041366935" lon="8.015020341146737"><ele>2072.25</ele></trkpt><trkpt lat="46.363780413754284" lon="8.014980340842158"><ele>2072.1399841308594</ele></trkpt><trkpt lat="46.363740413449705" lon="8.014950341079384"><ele>2072.0699768066406</ele></trkpt><trkpt lat="46.36371041368693" lon="8.014910340774804"><ele>2072.25</ele></trkpt><trkpt lat="46.363700413610786" lon="8.01488034101203"><ele>2071.209991455078</ele></trkpt><trkpt lat="46.36373041337356" lon="8.014840340707451"><ele>2070.8399963378906</ele></trkpt><trkpt lat="46.363740413449705" lon="8.014790340792388"><ele>2070.6199951171875</ele></trkpt><trkpt lat="46.36373041337356" lon="8.014740340411663"><ele>2070.3599853515625</ele></trkpt><trkpt lat="46.36369041306898" lon="8.014680340420455"><ele>2069.9199829101562</ele></trkpt><trkpt lat="46.36365041323006" lon="8.014620340429246"><ele>2069.439971923828</ele></trkpt><trkpt lat="46.36363041307777" lon="8.014580340590328"><ele>2069.269989013672</ele></trkpt><trkpt lat="46.36356041301042" lon="8.01448034029454"><ele>2068.219970703125</ele></trkpt><trkpt lat="46.363450412638485" lon="8.014330340083688"><ele>2066.769989013672</ele></trkpt><trkpt lat="46.36340041272342" lon="8.01427034009248"><ele>2066.449981689453</ele></trkpt><trkpt lat="46.36338041257113" lon="8.014220340177417"><ele>2066.209991455078</ele></trkpt><trkpt lat="46.36334041226655" lon="8.014160339720547"><ele>2065.5599975585938</ele></trkpt><trkpt lat="46.36329041235149" lon="8.014110339805484"><ele>2064.9299926757812</ele></trkpt><trkpt lat="46.363240411970764" lon="8.014100339729339"><ele>2064.709991455078</ele></trkpt><trkpt lat="46.363180411979556" lon="8.014120339415967"><ele>2064.1299743652344</ele></trkpt><trkpt lat="46.36312041198835" lon="8.014120339415967"><ele>2063.3899841308594</ele></trkpt><trkpt lat="46.36306041199714" lon="8.014110339339823"><ele>2063.009979248047</ele></trkpt><trkpt lat="46.363010411616415" lon="8.014100339263678"><ele>2063.1099853515625</ele></trkpt><trkpt lat="46.362970411777496" lon="8.014110339339823"><ele>2062.5799865722656</ele></trkpt><trkpt lat="46.36291041178629" lon="8.014100339263678"><ele>2062.709991455078</ele></trkpt><trkpt lat="46.36285041179508" lon="8.014070339035243"><ele>2062.019989013672</ele></trkpt><trkpt lat="46.36278041172773" lon="8.014030339196324"><ele>2062.9199829101562</ele></trkpt><trkpt lat="46.36273041181266" lon="8.013990339357406"><ele>2062.739990234375</ele></trkpt><trkpt lat="46.3626804118976" lon="8.013970339205116"><ele>2062.8399963378906</ele></trkpt><trkpt lat="46.362630411516875" lon="8.013980339281261"><ele>2062.239990234375</ele></trkpt><trkpt lat="46.36258041160181" lon="8.013960339128971"><ele>2061.959991455078</ele></trkpt><trkpt lat="46.3625204116106" lon="8.013930338900536"><ele>2061.1299743652344</ele></trkpt><trkpt lat="46.36247041122988" lon="8.013890339061618"><ele>2059.8799743652344</ele></trkpt><trkpt lat="46.3624304109253" lon="8.013830338604748"><ele>2059.3099975585938</ele></trkpt><trkpt lat="46.362360410857946" lon="8.013750338926911"><ele>2059.279998779297</ele></trkpt><trkpt lat="46.36229041079059" lon="8.013700338546187"><ele>2058.709991455078</ele></trkpt><trkpt lat="46.362210410647094" lon="8.013650338631123"><ele>2056.7899780273438</ele></trkpt><trkpt lat="46.362150410655886" lon="8.013590338174254"><ele>2056.0799865722656</ele></trkpt><trkpt lat="46.3620504103601" lon="8.0135203381069"><ele>2054.72998046875</ele></trkpt><trkpt lat="46.36196040967479" lon="8.013450338039547"><ele>2053.3099975585938</ele></trkpt><trkpt lat="46.361880409531295" lon="8.013370337896049"><ele>2052.459991455078</ele></trkpt><trkpt lat="46.361710409633815" lon="8.013200337532908"><ele>2051.939971923828</ele></trkpt><trkpt lat="46.36162040941417" lon="8.01310033723712"><ele>2050.779998779297</ele></trkpt><trkpt lat="46.36157040949911" lon="8.013020337559283"><ele>2050.509979248047</ele></trkpt><trkpt lat="46.36153040919453" lon="8.012970337178558"><ele>2049.75</ele></trkpt><trkpt lat="46.36149040935561" lon="8.012920337263495"><ele>2049.489990234375</ele></trkpt><trkpt lat="46.36145040905103" lon="8.012880336958915"><ele>2049.3599853515625</ele></trkpt><trkpt lat="46.36140040913597" lon="8.012830337043852"><ele>2049.509979248047</ele></trkpt><trkpt lat="46.361370409373194" lon="8.012780337128788"><ele>2049.6099853515625</ele></trkpt><trkpt lat="46.361350409220904" lon="8.01270033698529"><ele>2049.22998046875</ele></trkpt><trkpt lat="46.36134040914476" lon="8.012620337307453"><ele>2049.0699768066406</ele></trkpt><trkpt lat="46.36132040899247" lon="8.01251033693552"><ele>2049.239990234375</ele></trkpt><trkpt lat="46.361290409229696" lon="8.012420337181538"><ele>2048.8899841308594</ele></trkpt><trkpt lat="46.36126040900126" lon="8.01232033688575"><ele>2049.1599731445312</ele></trkpt><trkpt lat="46.36124040884897" lon="8.012230337131768"><ele>2048.5599975585938</ele></trkpt><trkpt lat="46.361230408772826" lon="8.012110337149352"><ele>2048.7899780273438</ele></trkpt><trkpt lat="46.361230408772826" lon="8.012030337005854"><ele>2048.769989013672</ele></trkpt><trkpt lat="46.36124040931463" lon="8.011940337251872"><ele>2049.519989013672</ele></trkpt><trkpt lat="46.36123040923849" lon="8.011900337412953"><ele>2050.1599731445312</ele></trkpt><trkpt lat="46.36121040955186" lon="8.0118303373456"><ele>2050.6799926757812</ele></trkpt><trkpt lat="46.361200409475714" lon="8.011730337515473"><ele>2051.0699768066406</ele></trkpt><trkpt lat="46.36119040939957" lon="8.01164033729583"><ele>2051.3899841308594</ele></trkpt><trkpt lat="46.361180409789085" lon="8.011550337541848"><ele>2052.009979248047</ele></trkpt><trkpt lat="46.361180409789085" lon="8.011500337626785"><ele>2051.9099731445312</ele></trkpt><trkpt lat="46.361180409789085" lon="8.01147033739835"><ele>2051.8399963378906</ele></trkpt><trkpt lat="46.36119040939957" lon="8.011410337407142"><ele>2050.529998779297</ele></trkpt><trkpt lat="46.36123040923849" lon="8.011390337254852"><ele>2051.0999755859375</ele></trkpt><trkpt lat="46.36125040939078" lon="8.011330337729305"><ele>2052.0399780273438</ele></trkpt><trkpt lat="46.361260409932584" lon="8.011270337738097"><ele>2052.8199768066406</ele></trkpt><trkpt lat="46.36128040961921" lon="8.011210337746888"><ele>2052.72998046875</ele></trkpt><trkpt lat="46.36132040992379" lon="8.011190337594599"><ele>2052.8299865722656</ele></trkpt><trkpt lat="46.361370409838855" lon="8.011210337746888"><ele>2053.1299743652344</ele></trkpt><trkpt lat="46.36144040990621" lon="8.011210337746888"><ele>2053.9099731445312</ele></trkpt><trkpt lat="46.3614604100585" lon="8.011210337746888"><ele>2053.3799743652344</ele></trkpt><trkpt lat="46.36152041004971" lon="8.011240337509662"><ele>2053.0899963378906</ele></trkpt><trkpt lat="46.361560409888625" lon="8.011270337738097"><ele>2053.0899963378906</ele></trkpt><trkpt lat="46.36162040987983" lon="8.01130033750087"><ele>2053.0899963378906</ele></trkpt><trkpt lat="46.36166040971875" lon="8.011310337577015"><ele>2052.6399841308594</ele></trkpt><trkpt lat="46.361690409481525" lon="8.011310337577015"><ele>2051.75</ele></trkpt><trkpt lat="46.36174040939659" lon="8.01132033765316"><ele>2051.509979248047</ele></trkpt><trkpt lat="46.36178040970117" lon="8.01132033765316"><ele>2051.5999755859375</ele></trkpt><trkpt lat="46.36181040946394" lon="8.01132033765316"><ele>2051.699981689453</ele></trkpt><trkpt lat="46.36184040969238" lon="8.011330337263644"><ele>2051.8399963378906</ele></trkpt><trkpt lat="46.361880409531295" lon="8.011370337568223"><ele>2051.509979248047</ele></trkpt><trkpt lat="46.361920409370214" lon="8.011420337483287"><ele>2051.4199829101562</ele></trkpt><trkpt lat="46.36199040943757" lon="8.01147033739835"><ele>2050.1599731445312</ele></trkpt><trkpt lat="46.362050408963114" lon="8.011530336923897"><ele>2048.8399963378906</ele></trkpt><trkpt lat="46.36211040895432" lon="8.011590336915106"><ele>2048.3999938964844</ele></trkpt><trkpt lat="46.36215040879324" lon="8.011630336754024"><ele>2048.269989013672</ele></trkpt><trkpt lat="46.362200408708304" lon="8.011670337058604"><ele>2048.0999755859375</ele></trkpt><trkpt lat="46.362240409012884" lon="8.011680336669087"><ele>2047.6199951171875</ele></trkpt><trkpt lat="46.36230040853843" lon="8.011670336592942"><ele>2047.2699890136719</ele></trkpt><trkpt lat="46.3623604089953" lon="8.011680336669087"><ele>2047.5499877929688</ele></trkpt><trkpt lat="46.36243040859699" lon="8.011700336821377"><ele>2047.3199768066406</ele></trkpt><trkpt lat="46.362480408512056" lon="8.011740336660296"><ele>2046.8299865722656</ele></trkpt><trkpt lat="46.362540408503264" lon="8.011780336499214"><ele>2046.2699890136719</ele></trkpt><trkpt lat="46.36259040841833" lon="8.011810336727649"><ele>2046.22998046875</ele></trkpt><trkpt lat="46.362650408409536" lon="8.011850336566567"><ele>2046.0799865722656</ele></trkpt><trkpt lat="46.36279040854424" lon="8.01192033663392"><ele>2045.5799865722656</ele></trkpt><trkpt lat="46.362880408298224" lon="8.01194033632055"><ele>2045.7099914550781</ele></trkpt><trkpt lat="46.36296040844172" lon="8.011950336396694"><ele>2045.1799926757812</ele></trkpt><trkpt lat="46.36304040858522" lon="8.01196033647284"><ele>2045.2999877929688</ele></trkpt><trkpt lat="46.36316040856764" lon="8.01196033647284"><ele>2045.1899719238281</ele></trkpt><trkpt lat="46.3632104084827" lon="8.01196033647284"><ele>2044.8799743652344</ele></trkpt><trkpt lat="46.363260408397764" lon="8.011950336396694"><ele>2044.9599914550781</ele></trkpt><trkpt lat="46.36329040816054" lon="8.011930336244404"><ele>2045.1199951171875</ele></trkpt><trkpt lat="46.36334040854126" lon="8.01190033648163"><ele>2045.6999816894531</ele></trkpt><trkpt lat="46.36342040868476" lon="8.011850336566567"><ele>2046.2799987792969</ele></trkpt><trkpt lat="46.36351040843874" lon="8.011810336727649"><ele>2046.489990234375</ele></trkpt><trkpt lat="46.36356040881947" lon="8.011800336651504"><ele>2047.1499938964844</ele></trkpt><trkpt lat="46.363640408962965" lon="8.011780336964875"><ele>2047.9399719238281</ele></trkpt><trkpt lat="46.36371040903032" lon="8.011780336964875"><ele>2048.7899780273438</ele></trkpt><trkpt lat="46.363810409326106" lon="8.011760337278247"><ele>2050.22998046875</ele></trkpt><trkpt lat="46.36386040924117" lon="8.011750337202102"><ele>2049.8899841308594</ele></trkpt><trkpt lat="46.36390040954575" lon="8.011760337278247"><ele>2050.47998046875</ele></trkpt><trkpt lat="46.36395040946081" lon="8.011770337354392"><ele>2050.3899841308594</ele></trkpt><trkpt lat="46.36399040929973" lon="8.011790337506682"><ele>2050.6499938964844</ele></trkpt><trkpt lat="46.364080409519374" lon="8.011850337032229"><ele>2050.189971923828</ele></trkpt><trkpt lat="46.36413040943444" lon="8.011870337184519"><ele>2049.949981689453</ele></trkpt><trkpt lat="46.364210409577936" lon="8.011860337574035"><ele>2051.1799926757812</ele></trkpt><trkpt lat="46.36427040910348" lon="8.011840336956084"><ele>2049.6499938964844</ele></trkpt><trkpt lat="46.364320409018546" lon="8.011820337269455"><ele>2049.009979248047</ele></trkpt><trkpt lat="46.364400409162045" lon="8.011800337117165"><ele>2048.6599731445312</ele></trkpt><trkpt lat="46.36446040822193" lon="8.011790336575359"><ele>2044.8399963378906</ele></trkpt><trkpt lat="46.36452040821314" lon="8.01177033642307"><ele>2044.1799926757812</ele></trkpt><trkpt lat="46.36455040844157" lon="8.011740336660296"><ele>2045.72998046875</ele></trkpt><trkpt lat="46.36459040874615" lon="8.011690336745232"><ele>2047.3999938964844</ele></trkpt><trkpt lat="46.364630409516394" lon="8.01162033714354"><ele>2049.739990234375</ele></trkpt><trkpt lat="46.36469040904194" lon="8.011540337000042"><ele>2049.019989013672</ele></trkpt><trkpt lat="46.364740408957005" lon="8.011490337084979"><ele>2048.689971923828</ele></trkpt><trkpt lat="46.364780409261584" lon="8.01143033709377"><ele>2048.72998046875</ele></trkpt><trkpt lat="46.36481040902436" lon="8.011400336865336"><ele>2049.0</ele></trkpt><trkpt lat="46.36485040932894" lon="8.011390337254852"><ele>2048.97998046875</ele></trkpt><trkpt lat="46.364910408854485" lon="8.01139033678919"><ele>2048.3899841308594</ele></trkpt><trkpt lat="46.36498040892184" lon="8.011400336865336"><ele>2047.7999877929688</ele></trkpt><trkpt lat="46.365100408904254" lon="8.011420337017626"><ele>2047.8699951171875</ele></trkpt><trkpt lat="46.36517040897161" lon="8.011440336704254"><ele>2047.969970703125</ele></trkpt><trkpt lat="46.3651904091239" lon="8.011440336704254"><ele>2047.6299743652344</ele></trkpt><trkpt lat="46.365310409106314" lon="8.011510336771607"><ele>2048.0699768066406</ele></trkpt><trkpt lat="46.365420409012586" lon="8.01160033699125"><ele>2047.6999816894531</ele></trkpt><trkpt lat="46.365460408851504" lon="8.011610336601734"><ele>2047.5299987792969</ele></trkpt><trkpt lat="46.36552040884271" lon="8.011590336915106"><ele>2046.8999938964844</ele></trkpt><trkpt lat="46.365570408757776" lon="8.011570336762816"><ele>2046.4499816894531</ele></trkpt><trkpt lat="46.36560040852055" lon="8.011570336762816"><ele>2045.989990234375</ele></trkpt><trkpt lat="46.36566040851176" lon="8.011540336534381"><ele>2045.3999938964844</ele></trkpt><trkpt lat="46.36575040826574" lon="8.011470336467028"><ele>2044.719970703125</ele></trkpt><trkpt lat="46.36579040857032" lon="8.011460336390883"><ele>2044.5799865722656</ele></trkpt><trkpt lat="46.365890408400446" lon="8.011450336314738"><ele>2044.1599731445312</ele></trkpt><trkpt lat="46.36605040822178" lon="8.011460336390883"><ele>2044.5799865722656</ele></trkpt><trkpt lat="46.36613040836528" lon="8.011500336229801"><ele>2044.3999938964844</ele></trkpt><trkpt lat="46.36619040835649" lon="8.011550336144865"><ele>2044.47998046875</ele></trkpt><trkpt lat="46.366270408034325" lon="8.011630336288363"><ele>2043.8399963378906</ele></trkpt><trkpt lat="46.36628040811047" lon="8.011640336364508"><ele>2043.8599853515625</ele></trkpt><trkpt lat="46.36636040825397" lon="8.011710336431861"><ele>2043.8799743652344</ele></trkpt><trkpt lat="46.366400408092886" lon="8.01173033611849"><ele>2044.3899841308594</ele></trkpt><trkpt lat="46.3664704086259" lon="8.01173033658415"><ele>2044.9099731445312</ele></trkpt><trkpt lat="46.366610408294946" lon="8.01173033658415"><ele>2045.1399841308594</ele></trkpt><trkpt lat="46.366650408599526" lon="8.011740336660296"><ele>2045.4199829101562</ele></trkpt><trkpt lat="46.36673040827736" lon="8.011810336261988"><ele>2044.8099975585938</ele></trkpt><trkpt lat="46.36681040842086" lon="8.011930336244404"><ele>2043.9399719238281</ele></trkpt><trkpt lat="46.36690040817484" lon="8.012040336150676"><ele>2042.8799743652344</ele></trkpt><trkpt lat="46.36700040800497" lon="8.012120335828513"><ele>2042.22998046875</ele></trkpt><trkpt lat="46.367120407987386" lon="8.01228033611551"><ele>2041.5599975585938</ele></trkpt><trkpt lat="46.36721040774137" lon="8.012390336021781"><ele>2041.5599975585938</ele></trkpt><trkpt lat="46.367290407884866" lon="8.012460336089134"><ele>2042.47998046875</ele></trkpt><trkpt lat="46.3674004082568" lon="8.012490336317569"><ele>2042.9199829101562</ele></trkpt><trkpt lat="46.36743040801957" lon="8.012520336080343"><ele>2043.3999938964844</ele></trkpt><trkpt lat="46.36755040846765" lon="8.012540336232632"><ele>2044.1099853515625</ele></trkpt><trkpt lat="46.367600408382714" lon="8.012580336537212"><ele>2044.8799743652344</ele></trkpt><trkpt lat="46.36766040837392" lon="8.012610336299986"><ele>2045.219970703125</ele></trkpt><trkpt lat="46.36769040860236" lon="8.01266033668071"><ele>2045.5399780273438</ele></trkpt><trkpt lat="46.36772040883079" lon="8.012720336671919"><ele>2046.3099975585938</ele></trkpt><trkpt lat="46.367750408593565" lon="8.012740336824208"><ele>2046.4399719238281</ele></trkpt><trkpt lat="46.36783040873706" lon="8.012780336663127"><ele>2047.0899963378906</ele></trkpt><trkpt lat="46.36790040927008" lon="8.012810336891562"><ele>2048.0899963378906</ele></trkpt><trkpt lat="46.367940409108996" lon="8.012850337196141"><ele>2048.6599731445312</ele></trkpt><trkpt lat="46.36799040948972" lon="8.01291033718735"><ele>2049.469970703125</ele></trkpt><trkpt lat="46.36803040932864" lon="8.012940337415785"><ele>2049.8699951171875</ele></trkpt><trkpt lat="46.36807040963322" lon="8.012960337102413"><ele>2050.1099853515625</ele></trkpt><trkpt lat="46.36813040962443" lon="8.012960337568074"><ele>2050.6699829101562</ele></trkpt><trkpt lat="46.368170409463346" lon="8.012940337415785"><ele>2050.949981689453</ele></trkpt><trkpt lat="46.368230409920216" lon="8.012920337729156"><ele>2051.489990234375</ele></trkpt><trkpt lat="46.368270409759134" lon="8.012920337729156"><ele>2051.97998046875</ele></trkpt><trkpt lat="46.36838041013107" lon="8.012930337805301"><ele>2052.8199768066406</ele></trkpt><trkpt lat="46.36843041004613" lon="8.01295033795759"><ele>2053.269989013672</ele></trkpt><trkpt lat="46.36847041035071" lon="8.01297033810988"><ele>2053.5999755859375</ele></trkpt><trkpt lat="46.368500410113484" lon="8.0130103379488"><ele>2053.6499938964844</ele></trkpt><trkpt lat="46.36856041010469" lon="8.013060337863863"><ele>2053.5</ele></trkpt><trkpt lat="46.36864041024819" lon="8.01314033800736"><ele>2054.9099731445312</ele></trkpt><trkpt lat="46.36866041040048" lon="8.01316033815965"><ele>2054.6399841308594</ele></trkpt><trkpt lat="46.3687004102394" lon="8.013170337770134"><ele>2053.8599853515625</ele></trkpt><trkpt lat="46.36873041000217" lon="8.013190337922424"><ele>2053.189971923828</ele></trkpt><trkpt lat="46.368820410221815" lon="8.01329033775255"><ele>2053.0499877929688</ele></trkpt><trkpt lat="46.368860410060734" lon="8.01333033759147"><ele>2052.8899841308594</ele></trkpt><trkpt lat="46.36887041013688" lon="8.013340337667614"><ele>2052.8699951171875</ele></trkpt><trkpt lat="46.36889041028917" lon="8.013370337896049"><ele>2052.8699951171875</ele></trkpt><trkpt lat="46.36889041028917" lon="8.013410337734967"><ele>2052.7999877929688</ele></trkpt><trkpt lat="46.36888041021302" lon="8.013470337726176"><ele>2052.5499877929688</ele></trkpt><trkpt lat="46.36888040974736" lon="8.01350033795461"><ele>2052.3799743652344</ele></trkpt><trkpt lat="46.36890040989965" lon="8.013530337717384"><ele>2052.029998779297</ele></trkpt><trkpt lat="46.36892041005194" lon="8.013540337793529"><ele>2051.8799743652344</ele></trkpt><trkpt lat="46.36894040973857" lon="8.013540337793529"><ele>2051.9099731445312</ele></trkpt><trkpt lat="46.36898041004315" lon="8.01352033764124"><ele>2051.7999877929688</ele></trkpt><trkpt lat="46.36902040988207" lon="8.013490337878466"><ele>2051.8999938964844</ele></trkpt><trkpt lat="46.36907040979713" lon="8.013450337573886"><ele>2051.8399963378906</ele></trkpt><trkpt lat="46.36911040963605" lon="8.013430337421596"><ele>2051.5599975585938</ele></trkpt><trkpt lat="46.36915040994063" lon="8.013440337497741"><ele>2051.269989013672</ele></trkpt><trkpt lat="46.369200409855694" lon="8.013470337260514"><ele>2050.8399963378906</ele></trkpt><trkpt lat="46.36924040969461" lon="8.013490337412804"><ele>2050.25</ele></trkpt><trkpt lat="46.369310409296304" lon="8.013510337099433"><ele>2049.75</ele></trkpt><trkpt lat="46.3693904094398" lon="8.013540337327868"><ele>2049.1199951171875</ele></trkpt><trkpt lat="46.369440409354866" lon="8.013570337090641"><ele>2048.949981689453</ele></trkpt><trkpt lat="46.369480409193784" lon="8.01361033692956"><ele>2048.739990234375</ele></trkpt><trkpt lat="46.36951040942222" lon="8.01361033692956"><ele>2048.769989013672</ele></trkpt><trkpt lat="46.36958040902391" lon="8.01361033692956"><ele>2048.509979248047</ele></trkpt><trkpt lat="46.369630408938974" lon="8.013620337005705"><ele>2047.8299865722656</ele></trkpt><trkpt lat="46.369740408845246" lon="8.013670336920768"><ele>2047.239990234375</ele></trkpt><trkpt lat="46.369840409141034" lon="8.013710336759686"><ele>2047.6699829101562</ele></trkpt><trkpt lat="46.36988040897995" lon="8.013720336835831"><ele>2048.0</ele></trkpt><trkpt lat="46.37002040911466" lon="8.013770336750895"><ele>2046.8299865722656</ele></trkpt><trkpt lat="46.37005040887743" lon="8.01376033667475"><ele>2046.22998046875</ele></trkpt><trkpt lat="46.37017040839419" lon="8.013710336759686"><ele>2044.8699951171875</ele></trkpt><trkpt lat="46.37020040862262" lon="8.013700336683542"><ele>2044.3999938964844</ele></trkpt><trkpt lat="46.37024040799588" lon="8.01368033606559"><ele>2042.9599914550781</ele></trkpt><trkpt lat="46.370270408224314" lon="8.013670335989445"><ele>2042.6499938964844</ele></trkpt><trkpt lat="46.37030040798709" lon="8.01368033606559"><ele>2042.72998046875</ele></trkpt><trkpt lat="46.37033040821552" lon="8.013690336141735"><ele>2042.8599853515625</ele></trkpt><trkpt lat="46.370360407978296" lon="8.013690336141735"><ele>2042.5199890136719</ele></trkpt><trkpt lat="46.370400407817215" lon="8.013690336141735"><ele>2042.1099853515625</ele></trkpt><trkpt lat="46.37043040804565" lon="8.013690336141735"><ele>2042.1699829101562</ele></trkpt><trkpt lat="46.37045040819794" lon="8.01368033606559"><ele>2042.1799926757812</ele></trkpt><trkpt lat="46.370500408113" lon="8.0136603359133"><ele>2041.9499816894531</ele></trkpt><trkpt lat="46.370550408028066" lon="8.013630336150527"><ele>2041.6899719238281</ele></trkpt><trkpt lat="46.3706304077059" lon="8.013620336074382"><ele>2041.4599914550781</ele></trkpt><trkpt lat="46.37073040800169" lon="8.013620336074382"><ele>2041.8299865722656</ele></trkpt><trkpt lat="46.370780407916754" lon="8.013650336302817"><ele>2042.5</ele></trkpt><trkpt lat="46.37081040814519" lon="8.01368033606559"><ele>2042.8899841308594</ele></trkpt><trkpt lat="46.370840408373624" lon="8.013710336294025"><ele>2042.989990234375</ele></trkpt><trkpt lat="46.3708704081364" lon="8.013730336446315"><ele>2043.5899963378906</ele></trkpt><trkpt lat="46.37091040844098" lon="8.01376033667475"><ele>2044.3099975585938</ele></trkpt><trkpt lat="46.37093040859327" lon="8.013800336513668"><ele>2044.9299926757812</ele></trkpt><trkpt lat="46.37094040866941" lon="8.013850336428732"><ele>2045.22998046875</ele></trkpt><trkpt lat="46.37097040889785" lon="8.013880336657166"><ele>2045.6099853515625</ele></trkpt><trkpt lat="46.371030408889055" lon="8.013920336961746"><ele>2046.22998046875</ele></trkpt><trkpt lat="46.371070408727974" lon="8.01393033657223"><ele>2046.22998046875</ele></trkpt><trkpt lat="46.371090408880264" lon="8.013960336800665"><ele>2046.22998046875</ele></trkpt><trkpt lat="46.37113040871918" lon="8.013990336563438"><ele>2046.3299865722656</ele></trkpt><trkpt lat="46.37119040917605" lon="8.014000337105244"><ele>2047.2099914550781</ele></trkpt><trkpt lat="46.37130040908232" lon="8.013980336952955"><ele>2048.009979248047</ele></trkpt><trkpt lat="46.37138040922582" lon="8.013960337266326"><ele>2048.5999755859375</ele></trkpt><trkpt lat="46.37148040952161" lon="8.013950337190181"><ele>2050.0</ele></trkpt><trkpt lat="46.371550410054624" lon="8.013940337579697"><ele>2051.4099731445312</ele></trkpt><trkpt lat="46.37162041012198" lon="8.013950337655842"><ele>2052.47998046875</ele></trkpt><trkpt lat="46.37164041027427" lon="8.013940338045359"><ele>2052.759979248047</ele></trkpt><trkpt lat="46.371680410113186" lon="8.013920337893069"><ele>2053.3299865722656</ele></trkpt><trkpt lat="46.371700410265476" lon="8.013910337816924"><ele>2053.8599853515625</ele></trkpt><trkpt lat="46.37173041049391" lon="8.013910338282585"><ele>2055.0</ele></trkpt><trkpt lat="46.37179041095078" lon="8.01390033820644"><ele>2056.4199829101562</ele></trkpt><trkpt lat="46.371840411331505" lon="8.013890338595957"><ele>2057.72998046875</ele></trkpt><trkpt lat="46.371920411475" lon="8.013880338985473"><ele>2059.5</ele></trkpt><trkpt lat="46.37196041177958" lon="8.013870338909328"><ele>2059.8999938964844</ele></trkpt><trkpt lat="46.37198041146621" lon="8.013870338909328"><ele>2060.3799743652344</ele></trkpt><trkpt lat="46.3720004116185" lon="8.013880338985473"><ele>2060.519989013672</ele></trkpt><trkpt lat="46.372030411846936" lon="8.013900339137763"><ele>2060.719970703125</ele></trkpt><trkpt lat="46.372070411685854" lon="8.013920339290053"><ele>2060.5999755859375</ele></trkpt><trkpt lat="46.372110411990434" lon="8.013940338976681"><ele>2060.8799743652344</ele></trkpt><trkpt lat="46.37221041182056" lon="8.013900339137763"><ele>2061.7899780273438</ele></trkpt><trkpt lat="46.37225041212514" lon="8.013910339213908"><ele>2062.3299865722656</ele></trkpt><trkpt lat="46.37235041242093" lon="8.013970339670777"><ele>2064.5</ele></trkpt><trkpt lat="46.37241041241214" lon="8.013970339670777"><ele>2064.25</ele></trkpt><trkpt lat="46.37245041271672" lon="8.013960339594632"><ele>2064.5599975585938</ele></trkpt><trkpt lat="46.372510412707925" lon="8.013900340069085"><ele>2065.3799743652344</ele></trkpt><trkpt lat="46.37256041262299" lon="8.01389033999294"><ele>2065.519989013672</ele></trkpt><trkpt lat="46.37262041307986" lon="8.013860340230167"><ele>2066.469970703125</ele></trkpt><trkpt lat="46.372660412918776" lon="8.013830340001732"><ele>2066.6099853515625</ele></trkpt><trkpt lat="46.372700413223356" lon="8.013790340162814"><ele>2067.469970703125</ele></trkpt><trkpt lat="46.372760413214564" lon="8.013750340323895"><ele>2068.6599731445312</ele></trkpt><trkpt lat="46.37281041359529" lon="8.013730340637267"><ele>2069.5799865722656</ele></trkpt><trkpt lat="46.37292041350156" lon="8.013730340171605"><ele>2068.739990234375</ele></trkpt><trkpt lat="46.37301041325554" lon="8.013700340408832"><ele>2069.0799865722656</ele></trkpt><trkpt lat="46.37305041356012" lon="8.013700340408832"><ele>2069.239990234375</ele></trkpt><trkpt lat="46.37317041354254" lon="8.013720340561122"><ele>2069.8099975585938</ele></trkpt><trkpt lat="46.37323041353375" lon="8.013720340561122"><ele>2070.1799926757812</ele></trkpt><trkpt lat="46.37325041368604" lon="8.013730340637267"><ele>2070.529998779297</ele></trkpt><trkpt lat="46.3733004136011" lon="8.013770340476185"><ele>2070.5999755859375</ele></trkpt><trkpt lat="46.37341041397303" lon="8.013850340619683"><ele>2070.7999877929688</ele></trkpt><trkpt lat="46.37349041365087" lon="8.013900340534747"><ele>2070.8399963378906</ele></trkpt><trkpt lat="46.37355041364208" lon="8.013960340991616"><ele>2071.009979248047</ele></trkpt><trkpt lat="46.37358041387051" lon="8.014000340830535"><ele>2070.9199829101562</ele></trkpt><trkpt lat="46.37361041363329" lon="8.01401034090668"><ele>2070.939971923828</ele></trkpt><trkpt lat="46.37365041393787" lon="8.01401034090668"><ele>2070.47998046875</ele></trkpt><trkpt lat="46.37372041353956" lon="8.014040340669453"><ele>2070.6599731445312</ele></trkpt><trkpt lat="46.37376041384414" lon="8.014070340897888"><ele>2070.719970703125</ele></trkpt><trkpt lat="46.3738104137592" lon="8.014090340584517"><ele>2070.939971923828</ele></trkpt><trkpt lat="46.37385041359812" lon="8.014070340897888"><ele>2070.969970703125</ele></trkpt><trkpt lat="46.3738904139027" lon="8.014030340593308"><ele>2070.8299865722656</ele></trkpt><trkpt lat="46.37396041397005" lon="8.014000340830535"><ele>2072.5899963378906</ele></trkpt><trkpt lat="46.37402041442692" lon="8.013980341143906"><ele>2073.449981689453</ele></trkpt><trkpt lat="46.374090414494276" lon="8.013980341143906"><ele>2073.7899780273438</ele></trkpt><trkpt lat="46.37414041440934" lon="8.013990341220051"><ele>2074.0799865722656</ele></trkpt><trkpt lat="46.37418041424826" lon="8.013990341220051"><ele>2074.239990234375</ele></trkpt><trkpt lat="46.37421041447669" lon="8.013970341533422"><ele>2074.8499755859375</ele></trkpt><trkpt lat="46.37425041478127" lon="8.013970341533422"><ele>2075.1799926757812</ele></trkpt><trkpt lat="46.37429041462019" lon="8.014000341296196"><ele>2074.9299926757812</ele></trkpt><trkpt lat="46.37431041477248" lon="8.01403034152463"><ele>2074.6099853515625</ele></trkpt><trkpt lat="46.374340414535254" lon="8.01405034121126"><ele>2074.1699829101562</ele></trkpt><trkpt lat="46.37438041437417" lon="8.01405034121126"><ele>2073.8799743652344</ele></trkpt><trkpt lat="46.374430414289236" lon="8.014060341287404"><ele>2073.9099731445312</ele></trkpt><trkpt lat="46.37446041451767" lon="8.014080341439694"><ele>2073.7899780273438</ele></trkpt><trkpt lat="46.37454041419551" lon="8.014110341202468"><ele>2073.469970703125</ele></trkpt><trkpt lat="46.3745604143478" lon="8.014130341354758"><ele>2073.449981689453</ele></trkpt><trkpt lat="46.37459041411057" lon="8.014160341117531"><ele>2073.1299743652344</ele></trkpt><trkpt lat="46.37463041441515" lon="8.014190340880305"><ele>2073.029998779297</ele></trkpt><trkpt lat="46.374700414482504" lon="8.014230341184884"><ele>2073.1099853515625</ele></trkpt><trkpt lat="46.37474041432142" lon="8.01424034126103"><ele>2073.0</ele></trkpt><trkpt lat="46.374770414084196" lon="8.014250341337174"><ele>2073.0</ele></trkpt><trkpt lat="46.374830414541066" lon="8.01422034110874"><ele>2073.3299865722656</ele></trkpt><trkpt lat="46.374850414227694" lon="8.01422034110874"><ele>2073.3599853515625</ele></trkpt><trkpt lat="46.37488041445613" lon="8.014230341184884"><ele>2073.3799743652344</ele></trkpt><trkpt lat="46.374960414133966" lon="8.014280341099948"><ele>2073.3899841308594</ele></trkpt><trkpt lat="46.374980414286256" lon="8.014290341176093"><ele>2073.4299926757812</ele></trkpt><trkpt lat="46.375020414590836" lon="8.014290341176093"><ele>2073.6699829101562</ele></trkpt><trkpt lat="46.3750704145059" lon="8.014320341404527"><ele>2073.8099975585938</ele></trkpt><trkpt lat="46.37513041449711" lon="8.014350341167301"><ele>2074.1399841308594</ele></trkpt><trkpt lat="46.37518041441217" lon="8.01439034147188"><ele>2074.0799865722656</ele></trkpt><trkpt lat="46.37530041439459" lon="8.014490341302007"><ele>2074.3699951171875</ele></trkpt><trkpt lat="46.37532041454688" lon="8.014500341378152"><ele>2074.3299865722656</ele></trkpt><trkpt lat="46.37534041469917" lon="8.014520341530442"><ele>2074.6099853515625</ele></trkpt><trkpt lat="46.37536041485146" lon="8.014550341293216"><ele>2075.0999755859375</ele></trkpt><trkpt lat="46.375380414538085" lon="8.01460034167394"><ele>2075.489990234375</ele></trkpt><trkpt lat="46.37541041476652" lon="8.014620341360569"><ele>2075.5999755859375</ele></trkpt><trkpt lat="46.375440414994955" lon="8.014630341436714"><ele>2075.939971923828</ele></trkpt><trkpt lat="46.37547041475773" lon="8.014650341589004"><ele>2076.029998779297</ele></trkpt><trkpt lat="46.37549041491002" lon="8.014670341741294"><ele>2076.3099975585938</ele></trkpt><trkpt lat="46.37551041506231" lon="8.014690341893584"><ele>2076.3799743652344</ele></trkpt><trkpt lat="46.37554041482508" lon="8.014710341580212"><ele>2076.1499938964844</ele></trkpt><trkpt lat="46.37557041505352" lon="8.014710341580212"><ele>2075.9099731445312</ele></trkpt><trkpt lat="46.375590414740145" lon="8.014710341580212"><ele>2076.0599975585938</ele></trkpt><trkpt lat="46.37560041481629" lon="8.014720341656357"><ele>2075.8899841308594</ele></trkpt><trkpt lat="46.375610414892435" lon="8.014740341808647"><ele>2076.3399963378906</ele></trkpt><trkpt lat="46.37562041496858" lon="8.01477034157142"><ele>2076.5499877929688</ele></trkpt><trkpt lat="46.375630415044725" lon="8.01479034172371"><ele>2076.439971923828</ele></trkpt><trkpt lat="46.3756604148075" lon="8.014820341486484"><ele>2076.0499877929688</ele></trkpt><trkpt lat="46.37570041511208" lon="8.014880341477692"><ele>2076.199981689453</ele></trkpt><trkpt lat="46.375740414951" lon="8.014930341392756"><ele>2075.8699951171875</ele></trkpt><trkpt lat="46.37577041471377" lon="8.01496034162119"><ele>2075.5399780273438</ele></trkpt><trkpt lat="46.375820415094495" lon="8.015030341688544"><ele>2076.709991455078</ele></trkpt><trkpt lat="46.37586041493341" lon="8.015100341755897"><ele>2076.8099975585938</ele></trkpt><trkpt lat="46.37590041477233" lon="8.015140341594815"><ele>2076.4299926757812</ele></trkpt><trkpt lat="46.37592041492462" lon="8.015140341594815"><ele>2076.3099975585938</ele></trkpt><trkpt lat="46.37594041507691" lon="8.015160341747105"><ele>2076.3099975585938</ele></trkpt><trkpt lat="46.37600041506812" lon="8.015200341586024"><ele>2076.469970703125</ele></trkpt><trkpt lat="46.37607041513547" lon="8.015240341890603"><ele>2076.5399780273438</ele></trkpt><trkpt lat="46.37610041489825" lon="8.015250341966748"><ele>2076.6499938964844</ele></trkpt><trkpt lat="46.37613041512668" lon="8.015260341577232"><ele>2076.759979248047</ele></trkpt><trkpt lat="46.37619041511789" lon="8.015280341729522"><ele>2077.0999755859375</ele></trkpt><trkpt lat="46.37623041495681" lon="8.015320342034101"><ele>2077.3099975585938</ele></trkpt><trkpt lat="46.37628041533753" lon="8.015370341949165"><ele>2077.719970703125</ele></trkpt><trkpt lat="46.376330415252596" lon="8.015420341864228"><ele>2078.1399841308594</ele></trkpt><trkpt lat="46.376430415548384" lon="8.015580342151225"><ele>2079.459991455078</ele></trkpt><trkpt lat="46.376470415852964" lon="8.015660342294723"><ele>2080.029998779297</ele></trkpt><trkpt lat="46.37652041576803" lon="8.015770342200994"><ele>2080.459991455078</ele></trkpt><trkpt lat="46.37653041584417" lon="8.01582034258172"><ele>2080.72998046875</ele></trkpt><trkpt lat="46.37656041607261" lon="8.015890342649072"><ele>2081.1299743652344</ele></trkpt><trkpt lat="46.376580415759236" lon="8.015920342411846"><ele>2081.22998046875</ele></trkpt><trkpt lat="46.37661041598767" lon="8.015880342572927"><ele>2080.8399963378906</ele></trkpt><trkpt lat="46.376640415750444" lon="8.015870342496783"><ele>2080.8399963378906</ele></trkpt><trkpt lat="46.37669041613117" lon="8.015920342411846"><ele>2081.3699951171875</ele></trkpt><trkpt lat="46.37680041603744" lon="8.01593034248799"><ele>2081.689971923828</ele></trkpt><trkpt lat="46.37684041634202" lon="8.015940343029797"><ele>2083.029998779297</ele></trkpt><trkpt lat="46.37687041610479" lon="8.015960342716426"><ele>2082.8799743652344</ele></trkpt><trkpt lat="46.37690041633323" lon="8.01597034279257"><ele>2083.0599975585938</ele></trkpt><trkpt lat="46.37694041617215" lon="8.01595034264028"><ele>2082.8999938964844</ele></trkpt><trkpt lat="46.37697041640058" lon="8.015940342564136"><ele>2082.7899780273438</ele></trkpt><trkpt lat="46.377040416002274" lon="8.015940342564136"><ele>2082.0799865722656</ele></trkpt><trkpt lat="46.37707041623071" lon="8.01595034264028"><ele>2082.0799865722656</ele></trkpt><trkpt lat="46.37709041591734" lon="8.015980342868716"><ele>2082.0799865722656</ele></trkpt><trkpt lat="46.37710041599348" lon="8.015980342868716"><ele>2082.0799865722656</ele></trkpt><trkpt lat="46.37712041614577" lon="8.0159903424792"><ele>2081.8699951171875</ele></trkpt><trkpt lat="46.377150415908545" lon="8.016010342631489"><ele>2081.3399963378906</ele></trkpt><trkpt lat="46.377170416060835" lon="8.016060342546552"><ele>2081.019989013672</ele></trkpt><trkpt lat="46.37718041567132" lon="8.016090342309326"><ele>2080.269989013672</ele></trkpt><trkpt lat="46.377210415899754" lon="8.01612034253776"><ele>2079.949981689453</ele></trkpt><trkpt lat="46.37726041581482" lon="8.016130342148244"><ele>2079.519989013672</ele></trkpt><trkpt lat="46.37729041557759" lon="8.01616034237668"><ele>2078.989990234375</ele></trkpt><trkpt lat="46.377320415340364" lon="8.016180342063308"><ele>2078.5599975585938</ele></trkpt><trkpt lat="46.3773504155688" lon="8.016180342063308"><ele>2078.3499755859375</ele></trkpt><trkpt lat="46.37737041525543" lon="8.016200342215598"><ele>2078.1399841308594</ele></trkpt><trkpt lat="46.37737041525543" lon="8.016210341826081"><ele>2078.0999755859375</ele></trkpt><trkpt lat="46.37738041533157" lon="8.016230341978371"><ele>2077.9299926757812</ele></trkpt><trkpt lat="46.377410415094346" lon="8.01629034196958"><ele>2077.5</ele></trkpt><trkpt lat="46.377430415246636" lon="8.016320341732353"><ele>2076.6499938964844</ele></trkpt><trkpt lat="46.37744041485712" lon="8.016340341884643"><ele>2076.3299865722656</ele></trkpt><trkpt lat="46.377450414933264" lon="8.016390341799706"><ele>2075.7899780273438</ele></trkpt><trkpt lat="46.37744041485712" lon="8.016450341790915"><ele>2075.259979248047</ele></trkpt><trkpt lat="46.3774504144676" lon="8.016500341705978"><ele>2074.6199951171875</ele></trkpt><trkpt lat="46.37746041454375" lon="8.016560341231525"><ele>2073.3399963378906</ele></trkpt><trkpt lat="46.37749041430652" lon="8.016620341222733"><ele>2072.3799743652344</ele></trkpt><trkpt lat="46.377520414069295" lon="8.01672034105286"><ele>2070.8899841308594</ele></trkpt><trkpt lat="46.37754041375592" lon="8.016750340815634"><ele>2070.459991455078</ele></trkpt><trkpt lat="46.37757041398436" lon="8.016780340578407"><ele>2070.1399841308594</ele></trkpt><trkpt lat="46.37759041367099" lon="8.016820340882987"><ele>2070.1399841308594</ele></trkpt><trkpt lat="46.37761041382328" lon="8.01687034079805"><ele>2070.029998779297</ele></trkpt><trkpt lat="46.37761041382328" lon="8.01687034079805"><ele>2069.9299926757812</ele></trkpt><trkpt lat="46.377650413662195" lon="8.016920340713114"><ele>2069.9299926757812</ele></trkpt><trkpt lat="46.37768041389063" lon="8.016960340552032"><ele>2069.9299926757812</ele></trkpt><trkpt lat="46.3777104136534" lon="8.016980340704322"><ele>2069.6099853515625</ele></trkpt><trkpt lat="46.37775041349232" lon="8.017010340932757"><ele>2069.5</ele></trkpt><trkpt lat="46.37779041333124" lon="8.017050340771675"><ele>2068.969970703125</ele></trkpt><trkpt lat="46.377820413559675" lon="8.017080340534449"><ele>2068.1099853515625</ele></trkpt><trkpt lat="46.37785041332245" lon="8.017090340144932"><ele>2067.3299865722656</ele></trkpt><trkpt lat="46.37790041277185" lon="8.017140340059996"><ele>2065.699981689453</ele></trkpt><trkpt lat="46.37798041244969" lon="8.017250339966267"><ele>2063.5899963378906</ele></trkpt><trkpt lat="46.37803041236475" lon="8.01732033956796"><ele>2062.75</ele></trkpt><trkpt lat="46.378060412127525" lon="8.017330339644104"><ele>2062.1499938964844</ele></trkpt><trkpt lat="46.37811041204259" lon="8.01732033956796"><ele>2061.509979248047</ele></trkpt><trkpt lat="46.37814041180536" lon="8.01732033956796"><ele>2061.009979248047</ele></trkpt><trkpt lat="46.378190411720425" lon="8.017350339330733"><ele>2060.0999755859375</ele></trkpt><trkpt lat="46.37827041186392" lon="8.017400339245796"><ele>2059.259979248047</ele></trkpt><trkpt lat="46.37827041139826" lon="8.017400338780135"><ele>2058.4199829101562</ele></trkpt><trkpt lat="46.37837041122839" lon="8.017460338771343"><ele>2057.1699829101562</ele></trkpt><trkpt lat="46.37842041114345" lon="8.017520338762552"><ele>2056.959991455078</ele></trkpt><trkpt lat="46.3784304112196" lon="8.017540338914841"><ele>2056.9299926757812</ele></trkpt><trkpt lat="46.37841041106731" lon="8.017530338838696"><ele>2057.1199951171875</ele></trkpt><trkpt lat="46.37837041122839" lon="8.017540338914841"><ele>2057.949981689453</ele></trkpt><trkpt lat="46.37833041138947" lon="8.017550338990986"><ele>2058.939971923828</ele></trkpt><trkpt lat="46.37829041201621" lon="8.017560339067131"><ele>2059.939971923828</ele></trkpt><trkpt lat="46.37825041171163" lon="8.017550339456648"><ele>2060.529998779297</ele></trkpt><trkpt lat="46.378210412338376" lon="8.017530339304358"><ele>2061.6099853515625</ele></trkpt><trkpt lat="46.37816041242331" lon="8.017520339693874"><ele>2062.259979248047</ele></trkpt><trkpt lat="46.37811041250825" lon="8.017520339693874"><ele>2063.009979248047</ele></trkpt><trkpt lat="46.37807041266933" lon="8.017530339770019"><ele>2063.469970703125</ele></trkpt><trkpt lat="46.37805041251704" lon="8.017550339922309"><ele>2063.709991455078</ele></trkpt><trkpt lat="46.37805041251704" lon="8.017550339922309"><ele>2063.699981689453</ele></trkpt><trkpt lat="46.37807041266933" lon="8.017580339685082"><ele>2063.6099853515625</ele></trkpt><trkpt lat="46.37809041235596" lon="8.017610339913517"><ele>2063.529998779297</ele></trkpt><trkpt lat="46.378120412584394" lon="8.017630339600146"><ele>2063.7999877929688</ele></trkpt><trkpt lat="46.37816041242331" lon="8.017650339752436"><ele>2064.1499938964844</ele></trkpt><trkpt lat="46.37821041280404" lon="8.017670339904726"><ele>2064.5</ele></trkpt><trkpt lat="46.37822041288018" lon="8.01768033998087"><ele>2064.8999938964844</ele></trkpt><trkpt lat="46.37828041333705" lon="8.017770340200514"><ele>2066.5599975585938</ele></trkpt><trkpt lat="46.37832041317597" lon="8.017830340191722"><ele>2067.3699951171875</ele></trkpt><trkpt lat="46.37832041317597" lon="8.017830340191722"><ele>2067.439971923828</ele></trkpt><trkpt lat="46.378330413252115" lon="8.017870340496302"><ele>2068.0</ele></trkpt><trkpt lat="46.37833041371778" lon="8.017900340724736"><ele>2068.519989013672</ele></trkpt><trkpt lat="46.37834041379392" lon="8.017940340563655"><ele>2069.3999938964844</ele></trkpt><trkpt lat="46.37836041394621" lon="8.018000341020525"><ele>2069.7999877929688</ele></trkpt><trkpt lat="46.37840041378513" lon="8.018080341164023"><ele>2070.719970703125</ele></trkpt><trkpt lat="46.378430414013565" lon="8.018130341079086"><ele>2071.0799865722656</ele></trkpt><trkpt lat="46.37844041408971" lon="8.018150341231376"><ele>2071.449981689453</ele></trkpt><trkpt lat="46.37850041408092" lon="8.018230340909213"><ele>2071.719970703125</ele></trkpt><trkpt lat="46.3785404143855" lon="8.018270341213793"><ele>2071.8999938964844</ele></trkpt><trkpt lat="46.378580414224416" lon="8.018310341052711"><ele>2072.2999877929688</ele></trkpt><trkpt lat="46.378600414376706" lon="8.018340341281146"><ele>2072.689971923828</ele></trkpt><trkpt lat="46.37865041475743" lon="8.018400341272354"><ele>2073.8299865722656</ele></trkpt><trkpt lat="46.378660414367914" lon="8.018400341738015"><ele>2074.0999755859375</ele></trkpt><trkpt lat="46.37873041490093" lon="8.01843034196645"><ele>2075.7999877929688</ele></trkpt><trkpt lat="46.37875041505322" lon="8.018440342042595"><ele>2076.199981689453</ele></trkpt><trkpt lat="46.37875041505322" lon="8.018440342042595"><ele>2076.2999877929688</ele></trkpt><trkpt lat="46.37878041528165" lon="8.018420341890305"><ele>2077.199981689453</ele></trkpt><trkpt lat="46.37880041543394" lon="8.018420341890305"><ele>2077.3999938964844</ele></trkpt><trkpt lat="46.37880041543394" lon="8.018420341890305"><ele>2077.4199829101562</ele></trkpt><trkpt lat="46.37882041512057" lon="8.01843034196645"><ele>2077.6499938964844</ele></trkpt><trkpt lat="46.37884041527286" lon="8.018460342194885"><ele>2077.709991455078</ele></trkpt><trkpt lat="46.37886041542515" lon="8.018500342033803"><ele>2077.759979248047</ele></trkpt><trkpt lat="46.3788704155013" lon="8.018500342033803"><ele>2077.759979248047</ele></trkpt><trkpt lat="46.37890041526407" lon="8.018500342033803"><ele>2077.709991455078</ele></trkpt><trkpt lat="46.37896041525528" lon="8.018510342109948"><ele>2078.0</ele></trkpt><trkpt lat="46.37902041571215" lon="8.018520342186093"><ele>2078.8999938964844</ele></trkpt><trkpt lat="46.379060415551066" lon="8.018550342414528"><ele>2079.449981689453</ele></trkpt><trkpt lat="46.37907041562721" lon="8.018560342490673"><ele>2079.5699768066406</ele></trkpt><trkpt lat="46.37913041608408" lon="8.018650342710316"><ele>2081.1599731445312</ele></trkpt><trkpt lat="46.37917041638866" lon="8.018660342786461"><ele>2082.189971923828</ele></trkpt><trkpt lat="46.379200416617095" lon="8.018680342938751"><ele>2083.3199768066406</ele></trkpt><trkpt lat="46.37921041669324" lon="8.01870034309104"><ele>2083.7899780273438</ele></trkpt><trkpt lat="46.379220416769385" lon="8.01872034324333"><ele>2084.0999755859375</ele></trkpt><trkpt lat="46.37923041684553" lon="8.01874034339562"><ele>2084.489990234375</ele></trkpt><trkpt lat="46.379240416921675" lon="8.018770343158394"><ele>2084.7999877929688</ele></trkpt><trkpt lat="46.379240416921675" lon="8.018780343234539"><ele>2085.3499755859375</ele></trkpt><trkpt lat="46.379260417073965" lon="8.018810343462974"><ele>2086.3799743652344</ele></trkpt><trkpt lat="46.379280417226255" lon="8.018810343462974"><ele>2086.8299865722656</ele></trkpt><trkpt lat="46.379300417378545" lon="8.01880034385249"><ele>2087.3199768066406</ele></trkpt><trkpt lat="46.37935041729361" lon="8.018850343767554"><ele>2088.75</ele></trkpt><trkpt lat="46.3793704174459" lon="8.01884034415707"><ele>2089.0899963378906</ele></trkpt><trkpt lat="46.37938041752204" lon="8.018830344080925"><ele>2089.199981689453</ele></trkpt><trkpt lat="46.37941041775048" lon="8.018830344080925"><ele>2089.509979248047</ele></trkpt><trkpt lat="46.37943041790277" lon="8.01882034400478"><ele>2089.7899780273438</ele></trkpt><trkpt lat="46.37944041751325" lon="8.01882034400478"><ele>2089.8699951171875</ele></trkpt><trkpt lat="46.379470417741686" lon="8.018770344089717"><ele>2090.5999755859375</ele></trkpt><trkpt lat="46.379490417893976" lon="8.018760344013572"><ele>2090.6799926757812</ele></trkpt><trkpt lat="46.37950041797012" lon="8.018770344089717"><ele>2091.019989013672</ele></trkpt><trkpt lat="46.379530418198556" lon="8.018850344698876"><ele>2092.6699829101562</ele></trkpt><trkpt lat="46.3795404182747" lon="8.01892034476623"><ele>2093.0999755859375</ele></trkpt><trkpt lat="46.37956041842699" lon="8.018960344605148"><ele>2093.5499877929688</ele></trkpt><trkpt lat="46.379570418503135" lon="8.018980344757438"><ele>2093.7999877929688</ele></trkpt><trkpt lat="46.37960041873157" lon="8.019040344748646"><ele>2094.719970703125</ele></trkpt><trkpt lat="46.379610418807715" lon="8.019050344824791"><ele>2094.8999938964844</ele></trkpt><trkpt lat="46.37968041934073" lon="8.019100345205516"><ele>2097.0999755859375</ele></trkpt><trkpt lat="46.379730419721454" lon="8.01917034573853"><ele>2099.3999938964844</ele></trkpt><trkpt lat="46.37976041994989" lon="8.01921034604311"><ele>2100.8999938964844</ele></trkpt><trkpt lat="46.379810420330614" lon="8.019250345882028"><ele>2102.199981689453</ele></trkpt><trkpt lat="46.379810420330614" lon="8.019330346025527"><ele>2103.199981689453</ele></trkpt><trkpt lat="46.37985042016953" lon="8.019430346321315"><ele>2102.699981689453</ele></trkpt><trkpt lat="46.37985042016953" lon="8.019500346388668"><ele>2102.959991455078</ele></trkpt><trkpt lat="46.37985042016953" lon="8.019570346456021"><ele>2103.449981689453</ele></trkpt><trkpt lat="46.37986042024568" lon="8.019600346218795"><ele>2103.759979248047</ele></trkpt><trkpt lat="46.37986042071134" lon="8.01963034644723"><ele>2104.2999877929688</ele></trkpt><trkpt lat="46.37987042078748" lon="8.019660346675664"><ele>2104.9099731445312</ele></trkpt><trkpt lat="46.37988042086363" lon="8.019710346590728"><ele>2106.22998046875</ele></trkpt><trkpt lat="46.37989042093977" lon="8.019770347047597"><ele>2107.2999877929688</ele></trkpt><trkpt lat="46.37990042101592" lon="8.019780347123742"><ele>2107.3999938964844</ele></trkpt><trkpt lat="46.37990042101592" lon="8.019790347199887"><ele>2107.8099975585938</ele></trkpt><trkpt lat="46.37991042109206" lon="8.019790347199887"><ele>2108.0899963378906</ele></trkpt><trkpt lat="46.37992042116821" lon="8.019790347199887"><ele>2108.519989013672</ele></trkpt><trkpt lat="46.37993042124435" lon="8.019770347047597"><ele>2108.709991455078</ele></trkpt><trkpt lat="46.3799404213205" lon="8.019780347123742"><ele>2108.949981689453</ele></trkpt><trkpt lat="46.37995042139664" lon="8.019810347352177"><ele>2109.6399841308594</ele></trkpt><trkpt lat="46.379950421862304" lon="8.019830347504467"><ele>2110.1799926757812</ele></trkpt><trkpt lat="46.37996042193845" lon="8.019860347732902"><ele>2110.8799743652344</ele></trkpt><trkpt lat="46.379970422014594" lon="8.01988034741953"><ele>2111.219970703125</ele></trkpt><trkpt lat="46.37998042209074" lon="8.019910347647965"><ele>2112.0899963378906</ele></trkpt><trkpt lat="46.38000042224303" lon="8.0199403478764"><ele>2112.8999938964844</ele></trkpt><trkpt lat="46.38005042262375" lon="8.0199403478764"><ele>2113.9299926757812</ele></trkpt><trkpt lat="46.38007042231038" lon="8.0199403478764"><ele>2114.2999877929688</ele></trkpt><trkpt lat="46.38009042246267" lon="8.019940348342061"><ele>2114.6499938964844</ele></trkpt><trkpt lat="46.38015042291954" lon="8.019960348494351"><ele>2115.8599853515625</ele></trkpt><trkpt lat="46.38016042299569" lon="8.01998034864664"><ele>2116.5</ele></trkpt><trkpt lat="46.38016042299569" lon="8.020060348790139"><ele>2117.5999755859375</ele></trkpt><trkpt lat="46.38017042307183" lon="8.020070348866284"><ele>2117.959991455078</ele></trkpt><trkpt lat="46.380200423300266" lon="8.020140348933637"><ele>2119.4099731445312</ele></trkpt><trkpt lat="46.38021042384207" lon="8.020180349238217"><ele>2120.8699951171875</ele></trkpt><trkpt lat="46.38022042391822" lon="8.020200349390507"><ele>2121.0</ele></trkpt><trkpt lat="46.38023042399436" lon="8.02023034915328"><ele>2121.1799926757812</ele></trkpt><trkpt lat="46.3802604242228" lon="8.020280349534005"><ele>2121.9099731445312</ele></trkpt><trkpt lat="46.38027042383328" lon="8.020290349144489"><ele>2121.759979248047</ele></trkpt><trkpt lat="46.38029042398557" lon="8.020320349372923"><ele>2121.509979248047</ele></trkpt><trkpt lat="46.38033042382449" lon="8.02040034905076"><ele>2120.8399963378906</ele></trkpt><trkpt lat="46.38037042366341" lon="8.020450348965824"><ele>2120.8599853515625</ele></trkpt><trkpt lat="46.38041042396799" lon="8.020500349346548"><ele>2121.739990234375</ele></trkpt><trkpt lat="46.38044042419642" lon="8.020540349185467"><ele>2122.239990234375</ele></trkpt><trkpt lat="46.38046042434871" lon="8.020580349490047"><ele>2122.949981689453</ele></trkpt><trkpt lat="46.38047042442486" lon="8.020600349642336"><ele>2123.3399963378906</ele></trkpt><trkpt lat="46.38047042442486" lon="8.020610349718481"><ele>2123.5599975585938</ele></trkpt><trkpt lat="46.38049042457715" lon="8.02067034970969"><ele>2125.1699829101562</ele></trkpt><trkpt lat="46.380630425643176" lon="8.020790350623429"><ele>2129.0999755859375</ele></trkpt><trkpt lat="46.380750426091254" lon="8.020840351004153"><ele>2131.699981689453</ele></trkpt><trkpt lat="46.3807604261674" lon="8.020850351080298"><ele>2131.8199768066406</ele></trkpt><trkpt lat="46.38079042639583" lon="8.020890350919217"><ele>2132.7999877929688</ele></trkpt><trkpt lat="46.38084042677656" lon="8.020930351223797"><ele>2134.779998779297</ele></trkpt><trkpt lat="46.38086042692885" lon="8.020920351613313"><ele>2135.739990234375</ele></trkpt><trkpt lat="46.380920426920056" lon="8.020900351926684"><ele>2136.719970703125</ele></trkpt><trkpt lat="46.380920426920056" lon="8.020900351926684"><ele>2136.8799743652344</ele></trkpt><trkpt lat="46.381020427215844" lon="8.02093035215512"><ele>2138.989990234375</ele></trkpt><trkpt lat="46.38105042744428" lon="8.020950352307409"><ele>2139.8699951171875</ele></trkpt><trkpt lat="46.381060427520424" lon="8.020960352383554"><ele>2140.1599731445312</ele></trkpt><trkpt lat="46.38114042766392" lon="8.021040352527052"><ele>2141.469970703125</ele></trkpt><trkpt lat="46.38117042789236" lon="8.021040352527052"><ele>2141.689971923828</ele></trkpt><trkpt lat="46.38122042827308" lon="8.021040352527052"><ele>2142.4099731445312</ele></trkpt><trkpt lat="46.381260428112" lon="8.021060352679342"><ele>2143.469970703125</ele></trkpt><trkpt lat="46.381270428188145" lon="8.021080352831632"><ele>2143.709991455078</ele></trkpt><trkpt lat="46.38128042826429" lon="8.021110353060067"><ele>2143.8199768066406</ele></trkpt><trkpt lat="46.38128042826429" lon="8.02112035267055"><ele>2143.8899841308594</ele></trkpt><trkpt lat="46.381290428340435" lon="8.02114035282284"><ele>2143.949981689453</ele></trkpt><trkpt lat="46.38130042841658" lon="8.02116035297513"><ele>2144.199981689453</ele></trkpt><trkpt lat="46.38132042856887" lon="8.02118035312742"><ele>2144.5699768066406</ele></trkpt><trkpt lat="46.381350428797305" lon="8.021210352890193"><ele>2145.0999755859375</ele></trkpt><trkpt lat="46.38136042887345" lon="8.021220352966338"><ele>2145.3099975585938</ele></trkpt><trkpt lat="46.38138042856008" lon="8.021230353042483"><ele>2145.489990234375</ele></trkpt><trkpt lat="46.38139042863622" lon="8.021240353118628"><ele>2145.519989013672</ele></trkpt><trkpt lat="46.38141042878851" lon="8.021310353185982"><ele>2146.1399841308594</ele></trkpt><trkpt lat="46.38141042878851" lon="8.021320353262126"><ele>2146.25</ele></trkpt><trkpt lat="46.3814304289408" lon="8.02137035317719"><ele>2146.8599853515625</ele></trkpt><trkpt lat="46.38145042909309" lon="8.02139035332948"><ele>2146.939971923828</ele></trkpt><trkpt lat="46.38147042877972" lon="8.021400353405625"><ele>2147.1299743652344</ele></trkpt><trkpt lat="46.38149042893201" lon="8.02141035348177"><ele>2147.3099975585938</ele></trkpt><trkpt lat="46.381520429160446" lon="8.021400353405625"><ele>2147.769989013672</ele></trkpt><trkpt lat="46.38153042923659" lon="8.02141035348177"><ele>2147.8199768066406</ele></trkpt><trkpt lat="46.38153042923659" lon="8.02141035348177"><ele>2147.8399963378906</ele></trkpt><trkpt lat="46.381580429151654" lon="8.021490353625268"><ele>2148.4099731445312</ele></trkpt><trkpt lat="46.3815904292278" lon="8.021510353777558"><ele>2148.5699768066406</ele></trkpt><trkpt lat="46.381600429303944" lon="8.021530353929847"><ele>2148.7999877929688</ele></trkpt><trkpt lat="46.381620429456234" lon="8.021550353616476"><ele>2149.0599975585938</ele></trkpt><trkpt lat="46.381640429608524" lon="8.021570353768766"><ele>2149.4099731445312</ele></trkpt><trkpt lat="46.381660429760814" lon="8.021630354225636"><ele>2150.6399841308594</ele></trkpt><trkpt lat="46.38167042983696" lon="8.021660353988409"><ele>2151.3699951171875</ele></trkpt><trkpt lat="46.381680429913104" lon="8.021670354064554"><ele>2151.75</ele></trkpt><trkpt lat="46.38169042998925" lon="8.021680354140699"><ele>2152.0999755859375</ele></trkpt><trkpt lat="46.38170043006539" lon="8.021690354216844"><ele>2152.3099975585938</ele></trkpt><trkpt lat="46.38172043021768" lon="8.021700354292989"><ele>2152.739990234375</ele></trkpt><trkpt lat="46.38175042998046" lon="8.021720354445279"><ele>2152.7899780273438</ele></trkpt><trkpt lat="46.38175042998046" lon="8.021720354445279"><ele>2152.8799743652344</ele></trkpt><trkpt lat="46.3817604300566" lon="8.021740354597569"><ele>2153.199981689453</ele></trkpt><trkpt lat="46.38177043013275" lon="8.021760354284197"><ele>2153.6099853515625</ele></trkpt><trkpt lat="46.38177043013275" lon="8.021770354360342"><ele>2153.8399963378906</ele></trkpt><trkpt lat="46.38177043059841" lon="8.021810354664922"><ele>2154.269989013672</ele></trkpt><trkpt lat="46.38177043059841" lon="8.021860354579985"><ele>2154.529998779297</ele></trkpt><trkpt lat="46.38178043067455" lon="8.02187035465613"><ele>2154.6399841308594</ele></trkpt><trkpt lat="46.38180043082684" lon="8.02189035480842"><ele>2155.199981689453</ele></trkpt><trkpt lat="46.381810430437326" lon="8.02189035480842"><ele>2155.519989013672</ele></trkpt><trkpt lat="46.38182043051347" lon="8.021880354732275"><ele>2155.5899963378906</ele></trkpt><trkpt lat="46.381830430589616" lon="8.021840354893357"><ele>2155.9299926757812</ele></trkpt><trkpt lat="46.381830430589616" lon="8.021840354893357"><ele>2156.0</ele></trkpt><trkpt lat="46.38186043081805" lon="8.021820355206728"><ele>2157.1499938964844</ele></trkpt><trkpt lat="46.38186043081805" lon="8.021820355206728"><ele>2157.2999877929688</ele></trkpt><trkpt lat="46.38188043097034" lon="8.021830355282873"><ele>2158.0999755859375</ele></trkpt><trkpt lat="46.381890431046486" lon="8.021840355359018"><ele>2158.199981689453</ele></trkpt><trkpt lat="46.381890431046486" lon="8.021850355435163"><ele>2158.449981689453</ele></trkpt><trkpt lat="46.38189043151215" lon="8.021880355197936"><ele>2158.759979248047</ele></trkpt><trkpt lat="46.38189043151215" lon="8.021910355426371"><ele>2159.0399780273438</ele></trkpt><trkpt lat="46.38189043151215" lon="8.021940355654806"><ele>2159.3999938964844</ele></trkpt><trkpt lat="46.38189043151215" lon="8.021960355341434"><ele>2159.5999755859375</ele></trkpt><trkpt lat="46.38191043166444" lon="8.02199035556987"><ele>2160.0</ele></trkpt><trkpt lat="46.38192043174058" lon="8.022020355798304"><ele>2160.8899841308594</ele></trkpt><trkpt lat="46.38194043189287" lon="8.022050356026739"><ele>2161.8199768066406</ele></trkpt><trkpt lat="46.38198043219745" lon="8.022080355789512"><ele>2162.769989013672</ele></trkpt><trkpt lat="46.38198043219745" lon="8.022100355941802"><ele>2163.0</ele></trkpt><trkpt lat="46.3819904322736" lon="8.022120356094092"><ele>2163.509979248047</ele></trkpt><trkpt lat="46.38202043250203" lon="8.022130356170237"><ele>2164.0799865722656</ele></trkpt><trkpt lat="46.38206043280661" lon="8.022150356322527"><ele>2165.279998779297</ele></trkpt><trkpt lat="46.38206043280661" lon="8.022150356322527"><ele>2165.3099975585938</ele></trkpt><trkpt lat="46.382050432730466" lon="8.022210356779397"><ele>2166.5</ele></trkpt><trkpt lat="46.382050432730466" lon="8.022210356779397"><ele>2166.759979248047</ele></trkpt><trkpt lat="46.38206043280661" lon="8.022220356855541"><ele>2167.0999755859375</ele></trkpt><trkpt lat="46.382070432882756" lon="8.02224035654217"><ele>2167.509979248047</ele></trkpt><trkpt lat="46.3820804329589" lon="8.02226035669446"><ele>2167.9299926757812</ele></trkpt><trkpt lat="46.38212043326348" lon="8.02228035684675"><ele>2169.0499877929688</ele></trkpt><trkpt lat="46.38214043341577" lon="8.02230035699904"><ele>2169.8299865722656</ele></trkpt><trkpt lat="46.38216043356806" lon="8.022330357227474"><ele>2170.699981689453</ele></trkpt><trkpt lat="46.382170433644205" lon="8.02234035730362"><ele>2170.7899780273438</ele></trkpt><trkpt lat="46.382190433796495" lon="8.022370357532054"><ele>2171.75</ele></trkpt><trkpt lat="46.382230434101075" lon="8.022400357294828"><ele>2172.009979248047</ele></trkpt><trkpt lat="46.38226043386385" lon="8.022450357675552"><ele>2172.939971923828</ele></trkpt><trkpt lat="46.38228043401614" lon="8.022460357751697"><ele>2173.3999938964844</ele></trkpt><trkpt lat="46.38230043416843" lon="8.022480357903987"><ele>2173.529998779297</ele></trkpt><trkpt lat="46.38231043424457" lon="8.022490357980132"><ele>2173.719970703125</ele></trkpt><trkpt lat="46.38233043439686" lon="8.022540357895195"><ele>2174.5699768066406</ele></trkpt><trkpt lat="46.38235043454915" lon="8.022560358047485"><ele>2174.959991455078</ele></trkpt><trkpt lat="46.38235043454915" lon="8.022560358047485"><ele>2175.0799865722656</ele></trkpt><trkpt lat="46.38237043470144" lon="8.022580358199775"><ele>2175.8299865722656</ele></trkpt><trkpt lat="46.38239043485373" lon="8.022620358504355"><ele>2176.7899780273438</ele></trkpt><trkpt lat="46.38241043500602" lon="8.022650358267128"><ele>2177.239990234375</ele></trkpt><trkpt lat="46.38243043469265" lon="8.022720358334482"><ele>2176.5</ele></trkpt><trkpt lat="46.382440434768796" lon="8.022750358097255"><ele>2176.4299926757812</ele></trkpt><trkpt lat="46.382460434921086" lon="8.02278035832569"><ele>2176.449981689453</ele></trkpt><trkpt lat="46.382480435073376" lon="8.02280035847798"><ele>2176.7899780273438</ele></trkpt><trkpt lat="46.38249043514952" lon="8.02280035847798"><ele>2177.209991455078</ele></trkpt><trkpt lat="46.382560435216874" lon="8.022830358706415"><ele>2178.5</ele></trkpt><trkpt lat="46.382580435369164" lon="8.022830358706415"><ele>2178.5999755859375</ele></trkpt><trkpt lat="46.38261043513194" lon="8.022810358554125"><ele>2178.699981689453</ele></trkpt><trkpt lat="46.38262043520808" lon="8.022810358554125"><ele>2178.72998046875</ele></trkpt><trkpt lat="46.38263043528423" lon="8.02282035863027"><ele>2178.75</ele></trkpt><trkpt lat="46.38265043543652" lon="8.022850358858705"><ele>2178.959991455078</ele></trkpt><trkpt lat="46.38265043543652" lon="8.022850358858705"><ele>2179.0799865722656</ele></trkpt><trkpt lat="46.38266043551266" lon="8.022850358858705"><ele>2179.279998779297</ele></trkpt><trkpt lat="46.38267043558881" lon="8.022850358858705"><ele>2179.3999938964844</ele></trkpt><trkpt lat="46.38270043535158" lon="8.022830358706415"><ele>2179.989990234375</ele></trkpt><trkpt lat="46.382710435427725" lon="8.02286035893485"><ele>2180.2899780273438</ele></trkpt><trkpt lat="46.382730435580015" lon="8.02288035908714"><ele>2180.8099975585938</ele></trkpt><trkpt lat="46.382750435732305" lon="8.022930359002203"><ele>2181.6099853515625</ele></trkpt><trkpt lat="46.382770435884595" lon="8.022980359382927"><ele>2182.209991455078</ele></trkpt><trkpt lat="46.382790436036885" lon="8.022990358993411"><ele>2182.5</ele></trkpt><trkpt lat="46.38280043611303" lon="8.023000359069556"><ele>2182.6199951171875</ele></trkpt><trkpt lat="46.38282043579966" lon="8.023000359069556"><ele>2182.3099975585938</ele></trkpt><trkpt lat="46.3828304358758" lon="8.023010359145701"><ele>2182.449981689453</ele></trkpt><trkpt lat="46.38285043602809" lon="8.02303035929799"><ele>2182.959991455078</ele></trkpt><trkpt lat="46.38287043618038" lon="8.02305035945028"><ele>2182.8999938964844</ele></trkpt><trkpt lat="46.38290043594316" lon="8.023060359526426"><ele>2183.0</ele></trkpt><trkpt lat="46.3829104360193" lon="8.023060359526426"><ele>2183.3999938964844</ele></trkpt><trkpt lat="46.382940436247736" lon="8.02305035945028"><ele>2183.6499938964844</ele></trkpt><trkpt lat="46.38295043632388" lon="8.02305035945028"><ele>2183.759979248047</ele></trkpt><trkpt lat="46.382960436400026" lon="8.023040359374136"><ele>2183.8499755859375</ele></trkpt><trkpt lat="46.382980436086655" lon="8.02305035945028"><ele>2183.8899841308594</ele></trkpt><trkpt lat="46.383000436238945" lon="8.02307035960257"><ele>2184.1199951171875</ele></trkpt><trkpt lat="46.383020436391234" lon="8.023100359365344"><ele>2184.3599853515625</ele></trkpt><trkpt lat="46.38305043661967" lon="8.023150359746069"><ele>2184.5699768066406</ele></trkpt><trkpt lat="46.3830704363063" lon="8.023210359737277"><ele>2184.72998046875</ele></trkpt><trkpt lat="46.38309043645859" lon="8.02324035950005"><ele>2184.759979248047</ele></trkpt><trkpt lat="46.38310043653473" lon="8.02326035965234"><ele>2184.699981689453</ele></trkpt><trkpt lat="46.38310043653473" lon="8.023300359491259"><ele>2184.9199829101562</ele></trkpt><trkpt lat="46.38310043653473" lon="8.023310359567404"><ele>2185.0</ele></trkpt><trkpt lat="46.38310043653473" lon="8.023320359643549"><ele>2185.019989013672</ele></trkpt><trkpt lat="46.38312043668702" lon="8.023350359871984"><ele>2185.0399780273438</ele></trkpt><trkpt lat="46.38312043668702" lon="8.023360359482467"><ele>2185.0399780273438</ele></trkpt><trkpt lat="46.383170436602086" lon="8.023420359473675"><ele>2184.6499938964844</ele></trkpt><trkpt lat="46.38320043636486" lon="8.02343035954982"><ele>2184.3599853515625</ele></trkpt><trkpt lat="46.38320043636486" lon="8.02343035954982"><ele>2184.279998779297</ele></trkpt><trkpt lat="46.38322043605149" lon="8.023480359464884"><ele>2183.6099853515625</ele></trkpt><trkpt lat="46.38322043605149" lon="8.023510359227657"><ele>2182.959991455078</ele></trkpt><trkpt lat="46.38322043605149" lon="8.023530359379947"><ele>2182.6299743652344</ele></trkpt><trkpt lat="46.38322043605149" lon="8.023530359379947"><ele>2182.6299743652344</ele></trkpt><trkpt lat="46.38324043620378" lon="8.023590359371156"><ele>2182.75</ele></trkpt><trkpt lat="46.383280436042696" lon="8.023650359362364"><ele>2183.4099731445312</ele></trkpt><trkpt lat="46.383280436042696" lon="8.023660359438509"><ele>2183.489990234375</ele></trkpt><trkpt lat="46.383320436347276" lon="8.023710359353572"><ele>2183.689971923828</ele></trkpt><trkpt lat="46.38333043642342" lon="8.023720359429717"><ele>2183.75</ele></trkpt><trkpt lat="46.38339043641463" lon="8.02377035934478"><ele>2184.1599731445312</ele></trkpt><trkpt lat="46.38341043656692" lon="8.023820359725505"><ele>2185.0799865722656</ele></trkpt><trkpt lat="46.383420436643064" lon="8.02385035995394"><ele>2185.6599731445312</ele></trkpt><trkpt lat="46.383460436947644" lon="8.023910359945148"><ele>2186.209991455078</ele></trkpt><trkpt lat="46.38349043671042" lon="8.023990360088646"><ele>2186.759979248047</ele></trkpt><trkpt lat="46.38350043678656" lon="8.024030359927565"><ele>2187.0699768066406</ele></trkpt><trkpt lat="46.38351043686271" lon="8.02404036000371"><ele>2187.199981689453</ele></trkpt><trkpt lat="46.38355043716729" lon="8.024070360232145"><ele>2187.7999877929688</ele></trkpt><trkpt lat="46.3837004378438" lon="8.024330360814929"><ele>2191.509979248047</ele></trkpt><trkpt lat="46.38372043799609" lon="8.024370360653847"><ele>2191.7999877929688</ele></trkpt><trkpt lat="46.38375043775886" lon="8.024420361034572"><ele>2192.0799865722656</ele></trkpt><trkpt lat="46.38376043783501" lon="8.024450360797346"><ele>2192.209991455078</ele></trkpt><trkpt lat="46.38379043806344" lon="8.024530360940844"><ele>2192.0599975585938</ele></trkpt><trkpt lat="46.38383043790236" lon="8.024620360694826"><ele>2192.5699768066406</ele></trkpt><trkpt lat="46.383840437978506" lon="8.024640360847116"><ele>2192.769989013672</ele></trkpt><trkpt lat="46.383860438130796" lon="8.02467036107555"><ele>2193.1699829101562</ele></trkpt><trkpt lat="46.38395043788478" lon="8.024790361057967"><ele>2193.0799865722656</ele></trkpt><trkpt lat="46.38397043803707" lon="8.024830360896885"><ele>2192.7899780273438</ele></trkpt><trkpt lat="46.38402043795213" lon="8.024920360650867"><ele>2191.769989013672</ele></trkpt><trkpt lat="46.38406043779105" lon="8.02499036071822"><ele>2191.6199951171875</ele></trkpt><trkpt lat="46.384110438171774" lon="8.025050360709429"><ele>2192.3499755859375</ele></trkpt><trkpt lat="46.3841304378584" lon="8.025070360861719"><ele>2192.5999755859375</ele></trkpt><trkpt lat="46.38420043839142" lon="8.025140361394733"><ele>2194.199981689453</ele></trkpt><trkpt lat="46.384240438230336" lon="8.025200361385942"><ele>2194.699981689453</ele></trkpt><trkpt lat="46.38429043861106" lon="8.025250361766666"><ele>2196.3999938964844</ele></trkpt><trkpt lat="46.38433043891564" lon="8.025270361918956"><ele>2197.3699951171875</ele></trkpt><trkpt lat="46.384360439144075" lon="8.025290361605585"><ele>2197.7999877929688</ele></trkpt><trkpt lat="46.38439043937251" lon="8.025330361910164"><ele>2198.699981689453</ele></trkpt><trkpt lat="46.3844104395248" lon="8.0253603621386"><ele>2199.279998779297</ele></trkpt><trkpt lat="46.384420439600945" lon="8.025380362290889"><ele>2199.699981689453</ele></trkpt><trkpt lat="46.38450043974444" lon="8.025460362434387"><ele>2200.699981689453</ele></trkpt><trkpt lat="46.38456043973565" lon="8.025490362662822"><ele>2202.0499877929688</ele></trkpt><trkpt lat="46.38456043973565" lon="8.025490362662822"><ele>2202.0599975585938</ele></trkpt><trkpt lat="46.38460044004023" lon="8.02553036250174"><ele>2202.0999755859375</ele></trkpt><trkpt lat="46.384610440116376" lon="8.02553036250174"><ele>2202.0899963378906</ele></trkpt><trkpt lat="46.384630439803004" lon="8.025540362577885"><ele>2202.199981689453</ele></trkpt><trkpt lat="46.38464043987915" lon="8.02555036265403"><ele>2202.7999877929688</ele></trkpt><trkpt lat="46.384650439955294" lon="8.02557036280632"><ele>2203.3599853515625</ele></trkpt><trkpt lat="46.38466044003144" lon="8.025600363034755"><ele>2203.9199829101562</ele></trkpt><trkpt lat="46.3846604404971" lon="8.025610362645239"><ele>2204.0599975585938</ele></trkpt><trkpt lat="46.384670440107584" lon="8.025630362797529"><ele>2204.209991455078</ele></trkpt><trkpt lat="46.38470044033602" lon="8.025650362949818"><ele>2204.5599975585938</ele></trkpt><trkpt lat="46.38472044048831" lon="8.025670363102108"><ele>2204.4199829101562</ele></trkpt><trkpt lat="46.38474044017494" lon="8.025680362712592"><ele>2204.2999877929688</ele></trkpt><trkpt lat="46.38478044047952" lon="8.025730362627655"><ele>2204.0999755859375</ele></trkpt><trkpt lat="46.38486043969169" lon="8.025920362677425"><ele>2202.0</ele></trkpt><trkpt lat="46.384910439606756" lon="8.02604036219418"><ele>2200.3999938964844</ele></trkpt><trkpt lat="46.3849204396829" lon="8.02604036219418"><ele>2200.2999877929688</ele></trkpt><trkpt lat="46.38496043952182" lon="8.02606036234647"><ele>2200.0999755859375</ele></trkpt><trkpt lat="46.38501043943688" lon="8.026130362413824"><ele>2200.5</ele></trkpt><trkpt lat="46.38503043958917" lon="8.026150362100452"><ele>2200.4299926757812</ele></trkpt><trkpt lat="46.38504043966532" lon="8.026160362176597"><ele>2200.3799743652344</ele></trkpt><trkpt lat="46.38513043988496" lon="8.02625036239624"><ele>2201.029998779297</ele></trkpt><trkpt lat="46.38515044003725" lon="8.02627036254853"><ele>2201.5999755859375</ele></trkpt><trkpt lat="46.38517043972388" lon="8.02629036270082"><ele>2201.9199829101562</ele></trkpt><trkpt lat="46.385180439800024" lon="8.026310362387449"><ele>2202.1299743652344</ele></trkpt><trkpt lat="46.385180439800024" lon="8.026330362539738"><ele>2202.4099731445312</ele></trkpt><trkpt lat="46.385200439952314" lon="8.026380362920463"><ele>2203.0899963378906</ele></trkpt><trkpt lat="46.385240440256894" lon="8.026400363072753"><ele>2203.989990234375</ele></trkpt><trkpt lat="46.38526044040918" lon="8.026450362987816"><ele>2205.0</ele></trkpt><trkpt lat="46.38532044086605" lon="8.026530363131315"><ele>2205.939971923828</ele></trkpt><trkpt lat="46.38535044062883" lon="8.02656036335975"><ele>2205.8699951171875</ele></trkpt><trkpt lat="46.38537044078112" lon="8.026570362970233"><ele>2205.8899841308594</ele></trkpt><trkpt lat="46.38538044085726" lon="8.026580363046378"><ele>2205.8999938964844</ele></trkpt><trkpt lat="46.38538044085726" lon="8.026620363350958"><ele>2206.3999938964844</ele></trkpt><trkpt lat="46.38540044100955" lon="8.026670363266021"><ele>2206.5999755859375</ele></trkpt><trkpt lat="46.385430440772325" lon="8.026720363181084"><ele>2205.8899841308594</ele></trkpt><trkpt lat="46.38544044084847" lon="8.02673036325723"><ele>2205.709991455078</ele></trkpt><trkpt lat="46.38544044038281" lon="8.026740363333374"><ele>2205.6199951171875</ele></trkpt><trkpt lat="46.38550044037402" lon="8.026800362858921"><ele>2204.8599853515625</ele></trkpt><trkpt lat="46.385560440365225" lon="8.026830363087356"><ele>2205.3599853515625</ele></trkpt><trkpt lat="46.38561044074595" lon="8.026910363230854"><ele>2206.239990234375</ele></trkpt><trkpt lat="46.38565044105053" lon="8.026960363611579"><ele>2207.279998779297</ele></trkpt><trkpt lat="46.385660441126674" lon="8.026990363374352"><ele>2207.8999938964844</ele></trkpt><trkpt lat="46.38574044127017" lon="8.02713036397472"><ele>2210.0399780273438</ele></trkpt><trkpt lat="46.38574044127017" lon="8.027140364050865"><ele>2210.0999755859375</ele></trkpt><trkpt lat="46.38578044157475" lon="8.027190363965929"><ele>2210.5</ele></trkpt><trkpt lat="46.38587044272572" lon="8.027350364718586"><ele>2215.2999877929688</ele></trkpt><trkpt lat="46.38590044295415" lon="8.027410365175456"><ele>2216.969970703125</ele></trkpt><trkpt lat="46.38592044310644" lon="8.02744036493823"><ele>2217.199981689453</ele></trkpt><trkpt lat="46.38596044294536" lon="8.02746036509052"><ele>2218.0</ele></trkpt><trkpt lat="46.38598044309765" lon="8.02746036509052"><ele>2217.9199829101562</ele></trkpt><trkpt lat="46.38600044324994" lon="8.02746036509052"><ele>2217.9099731445312</ele></trkpt><trkpt lat="46.386010442860425" lon="8.027470365166664"><ele>2217.989990234375</ele></trkpt><trkpt lat="46.386220443062484" lon="8.027710365131497"><ele>2219.0</ele></trkpt><trkpt lat="46.386260443367064" lon="8.027770365588367"><ele>2219.4199829101562</ele></trkpt><trkpt lat="46.38627044344321" lon="8.027780365664512"><ele>2219.5</ele></trkpt><trkpt lat="46.38631044374779" lon="8.027910365723073"><ele>2221.0999755859375</ele></trkpt><trkpt lat="46.3863804442808" lon="8.028030366171151"><ele>2223.2999877929688</ele></trkpt><trkpt lat="46.38640044396743" lon="8.02807036601007"><ele>2223.3799743652344</ele></trkpt><trkpt lat="46.38642044411972" lon="8.02809036616236"><ele>2223.5</ele></trkpt><trkpt lat="46.386470444500446" lon="8.028200366534293"><ele>2225.5399780273438</ele></trkpt><trkpt lat="46.386470444500446" lon="8.028210366610438"><ele>2225.719970703125</ele></trkpt><trkpt lat="46.386510444805026" lon="8.028260366525501"><ele>2226.519989013672</ele></trkpt><trkpt lat="46.38652044488117" lon="8.028290366753936"><ele>2226.5399780273438</ele></trkpt><trkpt lat="46.386570444796234" lon="8.028390366584063"><ele>2226.699981689453</ele></trkpt><trkpt lat="46.386590444948524" lon="8.028410366736352"><ele>2226.489990234375</ele></trkpt><trkpt lat="46.38661044463515" lon="8.028430366422981"><ele>2226.0999755859375</ele></trkpt><trkpt lat="46.38663044478744" lon="8.028450366575271"><ele>2225.6299743652344</ele></trkpt><trkpt lat="46.38665044447407" lon="8.028460366185755"><ele>2225.199981689453</ele></trkpt><trkpt lat="46.386680444236845" lon="8.02849036641419"><ele>2224.759979248047</ele></trkpt><trkpt lat="46.386700444389135" lon="8.028510366100818"><ele>2224.3499755859375</ele></trkpt><trkpt lat="46.386720444541425" lon="8.028550366405398"><ele>2224.509979248047</ele></trkpt><trkpt lat="46.38673044415191" lon="8.028580366168171"><ele>2224.5999755859375</ele></trkpt><trkpt lat="46.38682044437155" lon="8.028720366302878"><ele>2223.7899780273438</ele></trkpt><trkpt lat="46.38686044421047" lon="8.028720366302878"><ele>2224.0799865722656</ele></trkpt><trkpt lat="46.38686044421047" lon="8.028720366302878"><ele>2224.0699768066406</ele></trkpt><trkpt lat="46.386890444438905" lon="8.028740366455168"><ele>2224.029998779297</ele></trkpt><trkpt lat="46.3869704445824" lon="8.02883036620915"><ele>2224.6099853515625</ele></trkpt><trkpt lat="46.3869704445824" lon="8.02885036636144"><ele>2224.75</ele></trkpt><trkpt lat="46.387000444345176" lon="8.028920366428792"><ele>2225.3999938964844</ele></trkpt><trkpt lat="46.38701044442132" lon="8.028920366428792"><ele>2225.4199829101562</ele></trkpt><trkpt lat="46.38703044457361" lon="8.028950366657227"><ele>2225.5399780273438</ele></trkpt><trkpt lat="46.3870504447259" lon="8.02900036657229"><ele>2225.22998046875</ele></trkpt><trkpt lat="46.38707044441253" lon="8.029030366335064"><ele>2225.0</ele></trkpt><trkpt lat="46.387080444488674" lon="8.029050366487354"><ele>2224.5499877929688</ele></trkpt><trkpt lat="46.38713044440374" lon="8.029070366173983"><ele>2223.759979248047</ele></trkpt><trkpt lat="46.38714044401422" lon="8.029090366326272"><ele>2223.75</ele></trkpt><trkpt lat="46.38716044416651" lon="8.029110366012901"><ele>2223.699981689453</ele></trkpt><trkpt lat="46.387190444394946" lon="8.02917036646977"><ele>2224.1099853515625</ele></trkpt><trkpt lat="46.38720044447109" lon="8.0291903661564"><ele>2224.189971923828</ele></trkpt><trkpt lat="46.38722044415772" lon="8.029260366223752"><ele>2224.199981689453</ele></trkpt><trkpt lat="46.387250444386154" lon="8.029310366138816"><ele>2224.2999877929688</ele></trkpt><trkpt lat="46.387270444538444" lon="8.02936036651954"><ele>2224.3999938964844</ele></trkpt><trkpt lat="46.387270444538444" lon="8.02938036620617"><ele>2224.489990234375</ele></trkpt><trkpt lat="46.38728044461459" lon="8.029420366510749"><ele>2224.779998779297</ele></trkpt><trkpt lat="46.38728044461459" lon="8.029470366425812"><ele>2225.0599975585938</ele></trkpt><trkpt lat="46.38730044476688" lon="8.029540366493165"><ele>2225.7999877929688</ele></trkpt><trkpt lat="46.387330444995314" lon="8.029600366484374"><ele>2226.459991455078</ele></trkpt><trkpt lat="46.38737044483423" lon="8.029640366788954"><ele>2225.739990234375</ele></trkpt><trkpt lat="46.387380444444716" lon="8.029680366627872"><ele>2225.8199768066406</ele></trkpt><trkpt lat="46.38739044452086" lon="8.029690366704017"><ele>2225.72998046875</ele></trkpt><trkpt lat="46.38739044452086" lon="8.02972036646679"><ele>2225.489990234375</ele></trkpt><trkpt lat="46.38743044482544" lon="8.029820366762578"><ele>2225.8099975585938</ele></trkpt><trkpt lat="46.38745044451207" lon="8.029880366753787"><ele>2225.6599731445312</ele></trkpt><trkpt lat="46.38745044451207" lon="8.02989036636427"><ele>2225.5399780273438</ele></trkpt><trkpt lat="46.38747044466436" lon="8.029950366355479"><ele>2225.0999755859375</ele></trkpt><trkpt lat="46.38747044466436" lon="8.030050366651267"><ele>2224.7999877929688</ele></trkpt><trkpt lat="46.38748044427484" lon="8.03008036641404"><ele>2224.8299865722656</ele></trkpt><trkpt lat="46.38754044426605" lon="8.030210366472602"><ele>2224.459991455078</ele></trkpt><trkpt lat="46.387550444342196" lon="8.030230366624892"><ele>2224.509979248047</ele></trkpt><trkpt lat="46.38756044441834" lon="8.030280366539955"><ele>2224.779998779297</ele></trkpt><trkpt lat="46.387570444494486" lon="8.030330366455019"><ele>2225.2899780273438</ele></trkpt><trkpt lat="46.38758044457063" lon="8.030350366607308"><ele>2224.9299926757812</ele></trkpt><trkpt lat="46.387590444181114" lon="8.030370366293937"><ele>2224.5999755859375</ele></trkpt><trkpt lat="46.387590444181114" lon="8.030390366446227"><ele>2224.1399841308594</ele></trkpt><trkpt lat="46.38758044410497" lon="8.030420366209"><ele>2223.5</ele></trkpt><trkpt lat="46.38758044410497" lon="8.030480366200209"><ele>2222.3999938964844</ele></trkpt><trkpt lat="46.38759044371545" lon="8.030530366115272"><ele>2221.4299926757812</ele></trkpt><trkpt lat="46.38759044371545" lon="8.030540365725756"><ele>2221.3099975585938</ele></trkpt><trkpt lat="46.3876004437916" lon="8.03057036595419"><ele>2221.219970703125</ele></trkpt><trkpt lat="46.3876004437916" lon="8.030600365716964"><ele>2221.3099975585938</ele></trkpt><trkpt lat="46.3876004437916" lon="8.030630365945399"><ele>2221.269989013672</ele></trkpt><trkpt lat="46.38761044386774" lon="8.030660365708172"><ele>2221.3099975585938</ele></trkpt><trkpt lat="46.38761044386774" lon="8.030710366088897"><ele>2221.5499877929688</ele></trkpt><trkpt lat="46.38764044363052" lon="8.030750365927815"><ele>2220.8699951171875</ele></trkpt><trkpt lat="46.38767044292763" lon="8.030920365359634"><ele>2217.8499755859375</ele></trkpt><trkpt lat="46.387680443003774" lon="8.030990364961326"><ele>2216.6399841308594</ele></trkpt><trkpt lat="46.38767044246197" lon="8.031090364791453"><ele>2215.5</ele></trkpt><trkpt lat="46.38766044238582" lon="8.031140365172178"><ele>2215.199981689453</ele></trkpt><trkpt lat="46.38767044246197" lon="8.03121036477387"><ele>2215.3999938964844</ele></trkpt><trkpt lat="46.38767044246197" lon="8.031290364917368"><ele>2215.3999938964844</ele></trkpt><trkpt lat="46.387660442851484" lon="8.031340364832431"><ele>2215.8299865722656</ele></trkpt><trkpt lat="46.38765044277534" lon="8.031410364899784"><ele>2215.5999755859375</ele></trkpt><trkpt lat="46.387660442851484" lon="8.03144036512822"><ele>2215.6099853515625</ele></trkpt><trkpt lat="46.387660442851484" lon="8.031500365119427"><ele>2215.5</ele></trkpt><trkpt lat="46.38769044261426" lon="8.03157036518678"><ele>2215.3499755859375</ele></trkpt><trkpt lat="46.38769044261426" lon="8.03157036518678"><ele>2215.3699951171875</ele></trkpt><trkpt lat="46.3877004426904" lon="8.03159036487341"><ele>2215.199981689453</ele></trkpt><trkpt lat="46.3877004426904" lon="8.031620365101844"><ele>2214.8299865722656</ele></trkpt><trkpt lat="46.38770044222474" lon="8.031660364940763"><ele>2214.3399963378906</ele></trkpt><trkpt lat="46.387690442148596" lon="8.03172036493197"><ele>2214.009979248047</ele></trkpt><trkpt lat="46.387690442148596" lon="8.031730365008116"><ele>2213.969970703125</ele></trkpt><trkpt lat="46.38769044261426" lon="8.03176036477089"><ele>2214.279998779297</ele></trkpt><trkpt lat="46.38770044222474" lon="8.031790364999324"><ele>2214.5399780273438</ele></trkpt><trkpt lat="46.38770044222474" lon="8.031810364685953"><ele>2214.5999755859375</ele></trkpt><trkpt lat="46.38768044253811" lon="8.031840364914387"><ele>2214.699981689453</ele></trkpt><trkpt lat="46.38767044246197" lon="8.031860365066677"><ele>2214.699981689453</ele></trkpt><trkpt lat="46.38767044246197" lon="8.031900364905596"><ele>2214.699981689453</ele></trkpt><trkpt lat="46.38770044222474" lon="8.031970364972949"><ele>2214.0</ele></trkpt><trkpt lat="46.38772044237703" lon="8.032020364888012"><ele>2213.5799865722656</ele></trkpt><trkpt lat="46.38778044190258" lon="8.032130364794284"><ele>2212.8199768066406</ele></trkpt><trkpt lat="46.38780044205487" lon="8.032200364395976"><ele>2212.449981689453</ele></trkpt><trkpt lat="46.38782044220716" lon="8.032260364387184"><ele>2212.259979248047</ele></trkpt><trkpt lat="46.387840441893786" lon="8.032310364302248"><ele>2212.0999755859375</ele></trkpt><trkpt lat="46.387880441732705" lon="8.03244036436081"><ele>2212.029998779297</ele></trkpt><trkpt lat="46.387900441884995" lon="8.032490364275873"><ele>2212.0</ele></trkpt><trkpt lat="46.38795044180006" lon="8.03259036457166"><ele>2211.3999938964844</ele></trkpt><trkpt lat="46.38795044180006" lon="8.03259036457166"><ele>2211.3799743652344</ele></trkpt><trkpt lat="46.38797044195235" lon="8.032640364486724"><ele>2211.3699951171875</ele></trkpt><trkpt lat="46.387990441638976" lon="8.032680364325643"><ele>2211.2899780273438</ele></trkpt><trkpt lat="46.388010441791266" lon="8.032710364554077"><ele>2211.209991455078</ele></trkpt><trkpt lat="46.388030441943556" lon="8.03278036462143"><ele>2211.209991455078</ele></trkpt><trkpt lat="46.388050441630185" lon="8.032860364299268"><ele>2211.259979248047</ele></trkpt><trkpt lat="46.38812044169754" lon="8.033030364662409"><ele>2211.8199768066406</ele></trkpt><trkpt lat="46.3881704416126" lon="8.033150364644825"><ele>2211.3499755859375</ele></trkpt><trkpt lat="46.3881704416126" lon="8.033170364331454"><ele>2211.1299743652344</ele></trkpt><trkpt lat="46.3881704416126" lon="8.033200364559889"><ele>2211.0599975585938</ele></trkpt><trkpt lat="46.388200441841036" lon="8.033260364551097"><ele>2210.8799743652344</ele></trkpt><trkpt lat="46.388200441841036" lon="8.03327036416158"><ele>2210.9299926757812</ele></trkpt><trkpt lat="46.38823044160381" lon="8.033300364390016"><ele>2210.72998046875</ele></trkpt><trkpt lat="46.388240441679955" lon="8.03331036446616"><ele>2210.699981689453</ele></trkpt><trkpt lat="46.3882504417561" lon="8.03333036415279"><ele>2210.5999755859375</ele></trkpt><trkpt lat="46.38827044144273" lon="8.033350364305079"><ele>2210.469970703125</ele></trkpt><trkpt lat="46.38827044144273" lon="8.033360364381224"><ele>2210.3799743652344</ele></trkpt><trkpt lat="46.38832044182345" lon="8.033430364448577"><ele>2210.3199768066406</ele></trkpt><trkpt lat="46.388330441433936" lon="8.033470364287496"><ele>2209.6799926757812</ele></trkpt><trkpt lat="46.38834044151008" lon="8.03348036436364"><ele>2209.4099731445312</ele></trkpt><trkpt lat="46.388350441586226" lon="8.03350036405027"><ele>2208.9199829101562</ele></trkpt><trkpt lat="46.388380441349" lon="8.033550363965333"><ele>2208.529998779297</ele></trkpt><trkpt lat="46.388380441349" lon="8.033570364117622"><ele>2208.3599853515625</ele></trkpt><trkpt lat="46.38838044088334" lon="8.033680364023894"><ele>2207.5799865722656</ele></trkpt><trkpt lat="46.38839044095948" lon="8.033740364015102"><ele>2207.3199768066406</ele></trkpt><trkpt lat="46.38839044095948" lon="8.033740364015102"><ele>2207.3199768066406</ele></trkpt><trkpt lat="46.38843044126406" lon="8.033790363930166"><ele>2207.3499755859375</ele></trkpt><trkpt lat="46.38846044102684" lon="8.033830363769084"><ele>2207.699981689453</ele></trkpt><trkpt lat="46.38848044117913" lon="8.033890363760293"><ele>2208.0999755859375</ele></trkpt><trkpt lat="46.388500441331416" lon="8.033910363912582"><ele>2208.3699951171875</ele></trkpt><trkpt lat="46.388500441331416" lon="8.033910363912582"><ele>2208.3699951171875</ele></trkpt><trkpt lat="46.38851044140756" lon="8.033930364064872"><ele>2208.5999755859375</ele></trkpt><trkpt lat="46.38853044155985" lon="8.033930364064872"><ele>2208.8999938964844</ele></trkpt><trkpt lat="46.38855044124648" lon="8.033940364141017"><ele>2209.3999938964844</ele></trkpt><trkpt lat="46.38855044171214" lon="8.033940364141017"><ele>2209.5399780273438</ele></trkpt><trkpt lat="46.38855044171214" lon="8.033960364293307"><ele>2209.8799743652344</ele></trkpt><trkpt lat="46.38855044171214" lon="8.03399036405608"><ele>2209.9199829101562</ele></trkpt><trkpt lat="46.38855044171214" lon="8.03403036436066"><ele>2209.7899780273438</ele></trkpt><trkpt lat="46.38855044171214" lon="8.034040364436805"><ele>2209.779998779297</ele></trkpt><trkpt lat="46.388560441322625" lon="8.034070364199579"><ele>2209.739990234375</ele></trkpt><trkpt lat="46.38859044155106" lon="8.034130364190787"><ele>2209.9299926757812</ele></trkpt><trkpt lat="46.388600441627204" lon="8.034160364419222"><ele>2210.0799865722656</ele></trkpt><trkpt lat="46.388600441627204" lon="8.034170364495367"><ele>2210.1199951171875</ele></trkpt><trkpt lat="46.38861044170335" lon="8.03420036425814"><ele>2210.6399841308594</ele></trkpt><trkpt lat="46.38861044170335" lon="8.03424036456272"><ele>2210.9299926757812</ele></trkpt><trkpt lat="46.388620441779494" lon="8.034280364401639"><ele>2211.1599731445312</ele></trkpt><trkpt lat="46.388620441779494" lon="8.034280364401639"><ele>2211.22998046875</ele></trkpt><trkpt lat="46.38863044185564" lon="8.034300364553928"><ele>2211.529998779297</ele></trkpt><trkpt lat="46.38865044200793" lon="8.034320364706218"><ele>2211.759979248047</ele></trkpt><trkpt lat="46.38867044216022" lon="8.034350364468992"><ele>2212.0399780273438</ele></trkpt><trkpt lat="46.38869044184685" lon="8.03439036430791"><ele>2211.459991455078</ele></trkpt><trkpt lat="46.38870044192299" lon="8.034420364536345"><ele>2211.1199951171875</ele></trkpt><trkpt lat="46.38870044192299" lon="8.034460364375263"><ele>2210.939971923828</ele></trkpt><trkpt lat="46.38870044192299" lon="8.034460364375263"><ele>2210.9199829101562</ele></trkpt><trkpt lat="46.38870044192299" lon="8.034460364375263"><ele>2210.9099731445312</ele></trkpt><trkpt lat="46.38870044192299" lon="8.034470364451408"><ele>2210.8699951171875</ele></trkpt><trkpt lat="46.388730441685766" lon="8.034530364442617"><ele>2211.699981689453</ele></trkpt><trkpt lat="46.38873044215143" lon="8.034570364747196"><ele>2212.209991455078</ele></trkpt><trkpt lat="46.38873044215143" lon="8.034610364586115"><ele>2212.5999755859375</ele></trkpt><trkpt lat="46.38876044237986" lon="8.034680364653468"><ele>2213.0</ele></trkpt><trkpt lat="46.388790442142636" lon="8.034740364644676"><ele>2213.0</ele></trkpt><trkpt lat="46.388810442294925" lon="8.034760364796966"><ele>2212.6299743652344</ele></trkpt><trkpt lat="46.38889044197276" lon="8.034840364474803"><ele>2212.199981689453</ele></trkpt><trkpt lat="46.388960442040116" lon="8.034960364922881"><ele>2212.3999938964844</ele></trkpt><trkpt lat="46.389020442496985" lon="8.035130364820361"><ele>2213.489990234375</ele></trkpt><trkpt lat="46.38907044241205" lon="8.035270364955068"><ele>2214.7999877929688</ele></trkpt><trkpt lat="46.38911044271663" lon="8.035420365165919"><ele>2216.449981689453</ele></trkpt><trkpt lat="46.38915044255555" lon="8.035560365300626"><ele>2215.7999877929688</ele></trkpt><trkpt lat="46.38917044270784" lon="8.035650365054607"><ele>2215.5699768066406</ele></trkpt><trkpt lat="46.38918044278398" lon="8.035660365130752"><ele>2215.5</ele></trkpt><trkpt lat="46.38919044286013" lon="8.035680365283042"><ele>2215.5899963378906</ele></trkpt><trkpt lat="46.389210442546755" lon="8.03574036527425"><ele>2216.0</ele></trkpt><trkpt lat="46.3892204426229" lon="8.03576036542654"><ele>2216.22998046875</ele></trkpt><trkpt lat="46.389250442851335" lon="8.035810365341604"><ele>2217.0</ele></trkpt><trkpt lat="46.38928044307977" lon="8.035850365646183"><ele>2217.719970703125</ele></trkpt><trkpt lat="46.38930044323206" lon="8.035900365561247"><ele>2218.699981689453</ele></trkpt><trkpt lat="46.38932044338435" lon="8.035950365941972"><ele>2219.6499938964844</ele></trkpt><trkpt lat="46.389330443460494" lon="8.035980366170406"><ele>2220.199981689453</ele></trkpt><trkpt lat="46.38934044353664" lon="8.035990366246551"><ele>2220.4099731445312</ele></trkpt><trkpt lat="46.38936044368893" lon="8.03603036608547"><ele>2220.7999877929688</ele></trkpt><trkpt lat="46.38938044384122" lon="8.036060366313905"><ele>2221.2999877929688</ele></trkpt><trkpt lat="46.38940044399351" lon="8.036090366076678"><ele>2221.699981689453</ele></trkpt><trkpt lat="46.38944044383243" lon="8.036140366457403"><ele>2222.469970703125</ele></trkpt><trkpt lat="46.38945044390857" lon="8.036150366533548"><ele>2222.739990234375</ele></trkpt><trkpt lat="46.3895004442893" lon="8.036210366524756"><ele>2223.8999938964844</ele></trkpt><trkpt lat="46.38954044459388" lon="8.03624036675319"><ele>2224.699981689453</ele></trkpt><trkpt lat="46.38955044467002" lon="8.036250366829336"><ele>2224.7999877929688</ele></trkpt><trkpt lat="46.38957044482231" lon="8.03628036705777"><ele>2225.72998046875</ele></trkpt><trkpt lat="46.389580444898456" lon="8.03630036721006"><ele>2226.5</ele></trkpt><trkpt lat="46.389600445050746" lon="8.036350367125124"><ele>2226.9099731445312</ele></trkpt><trkpt lat="46.38961044512689" lon="8.036370367277414"><ele>2227.0</ele></trkpt><trkpt lat="46.38961044512689" lon="8.036400367040187"><ele>2227.2999877929688</ele></trkpt><trkpt lat="46.389640445355326" lon="8.03651036741212"><ele>2228.689971923828</ele></trkpt><trkpt lat="46.38965044543147" lon="8.036580367479473"><ele>2229.7999877929688</ele></trkpt><trkpt lat="46.389680445659906" lon="8.036640367936343"><ele>2230.5999755859375</ele></trkpt><trkpt lat="46.38971044588834" lon="8.036700367927551"><ele>2231.6699829101562</ele></trkpt><trkpt lat="46.38971044588834" lon="8.036710368003696"><ele>2231.7999877929688</ele></trkpt><trkpt lat="46.38973044604063" lon="8.036720368079841"><ele>2232.2999877929688</ele></trkpt><trkpt lat="46.38977044634521" lon="8.036750368308276"><ele>2233.0</ele></trkpt><trkpt lat="46.389800446107984" lon="8.036790368147194"><ele>2233.5999755859375</ele></trkpt><trkpt lat="46.38987044617534" lon="8.036880368366838"><ele>2234.0999755859375</ele></trkpt><trkpt lat="46.38989044632763" lon="8.036910368129611"><ele>2234.219970703125</ele></trkpt><trkpt lat="46.38994044624269" lon="8.037010368425399"><ele>2234.3999938964844</ele></trkpt><trkpt lat="46.39002044638619" lon="8.03712036833167"><ele>2234.6799926757812</ele></trkpt><trkpt lat="46.390160446986556" lon="8.037320368923247"><ele>2236.2999877929688</ele></trkpt><trkpt lat="46.39017044659704" lon="8.03735036868602"><ele>2236.259979248047</ele></trkpt><trkpt lat="46.390200446825475" lon="8.037400368601084"><ele>2236.199981689453</ele></trkpt><trkpt lat="46.39027044689283" lon="8.037530368659645"><ele>2236.0999755859375</ele></trkpt><trkpt lat="46.390290446579456" lon="8.037590368650854"><ele>2235.5699768066406</ele></trkpt><trkpt lat="46.3903004466556" lon="8.037610368337482"><ele>2235.2999877929688</ele></trkpt><trkpt lat="46.390350446570665" lon="8.03769036848098"><ele>2234.3999938964844</ele></trkpt><trkpt lat="46.39037044625729" lon="8.037730368319899"><ele>2233.75</ele></trkpt><trkpt lat="46.39039044640958" lon="8.037760368082672"><ele>2233.199981689453</ele></trkpt><trkpt lat="46.39039044640958" lon="8.037760368082672"><ele>2233.189971923828</ele></trkpt><trkpt lat="46.39047044608742" lon="8.037910368293524"><ele>2233.4199829101562</ele></trkpt><trkpt lat="46.390510446392" lon="8.038000368513167"><ele>2233.8799743652344</ele></trkpt><trkpt lat="46.39053044654429" lon="8.038040368352085"><ele>2234.199981689453</ele></trkpt><trkpt lat="46.390540446620435" lon="8.038090368267149"><ele>2234.3999938964844</ele></trkpt><trkpt lat="46.39056044630706" lon="8.038140368647873"><ele>2234.5</ele></trkpt><trkpt lat="46.39057044638321" lon="8.038190368562937"><ele>2234.5</ele></trkpt><trkpt lat="46.39057044638321" lon="8.038250368554145"><ele>2234.97998046875</ele></trkpt><trkpt lat="46.39058044645935" lon="8.038270368706435"><ele>2235.0999755859375</ele></trkpt><trkpt lat="46.39058044645935" lon="8.038290368393064"><ele>2235.1299743652344</ele></trkpt><trkpt lat="46.39058044645935" lon="8.038470368366688"><ele>2234.7999877929688</ele></trkpt><trkpt lat="46.3905904465355" lon="8.038540368434042"><ele>2234.7999877929688</ele></trkpt><trkpt lat="46.39061044668779" lon="8.03862036857754"><ele>2234.8999938964844</ele></trkpt><trkpt lat="46.39062044676393" lon="8.038690368644893"><ele>2235.2999877929688</ele></trkpt><trkpt lat="46.390650446526706" lon="8.038840368390083"><ele>2234.2999877929688</ele></trkpt><trkpt lat="46.390650446526706" lon="8.038840368390083"><ele>2234.2899780273438</ele></trkpt><trkpt lat="46.390650446526706" lon="8.038880368229002"><ele>2234.0999755859375</ele></trkpt><trkpt lat="46.39064044645056" lon="8.03894036822021"><ele>2233.8999938964844</ele></trkpt><trkpt lat="46.39064044645056" lon="8.038990368600935"><ele>2234.0999755859375</ele></trkpt><trkpt lat="46.39062044629827" lon="8.039050368592143"><ele>2234.3399963378906</ele></trkpt><trkpt lat="46.3905904465355" lon="8.039080368354917"><ele>2233.8999938964844</ele></trkpt><trkpt lat="46.39058044645935" lon="8.039090368431062"><ele>2233.8199768066406</ele></trkpt><trkpt lat="46.39056044630706" lon="8.039110368583351"><ele>2233.5999755859375</ele></trkpt><trkpt lat="46.39055044623092" lon="8.03915036842227"><ele>2233.5</ele></trkpt><trkpt lat="46.39056044630706" lon="8.039190368261188"><ele>2233.5</ele></trkpt><trkpt lat="46.39058044599369" lon="8.039240368176252"><ele>2233.2999877929688</ele></trkpt><trkpt lat="46.39058044599369" lon="8.039270368404686"><ele>2233.0999755859375</ele></trkpt><trkpt lat="46.39056044630706" lon="8.039290368091315"><ele>2232.7999877929688</ele></trkpt><trkpt lat="46.39055044623092" lon="8.039330368395895"><ele>2232.3599853515625</ele></trkpt><trkpt lat="46.39055044623092" lon="8.039330367930233"><ele>2232.2999877929688</ele></trkpt><trkpt lat="46.39055044576526" lon="8.039360368158668"><ele>2232.1599731445312</ele></trkpt><trkpt lat="46.39055044576526" lon="8.039370368234813"><ele>2232.0999755859375</ele></trkpt><trkpt lat="46.3905604458414" lon="8.039410368073732"><ele>2231.8999938964844</ele></trkpt><trkpt lat="46.39057044591755" lon="8.03945036791265"><ele>2231.8399963378906</ele></trkpt><trkpt lat="46.39057044591755" lon="8.03947036806494"><ele>2231.8299865722656</ele></trkpt><trkpt lat="46.390610445756465" lon="8.039570367895067"><ele>2231.5</ele></trkpt><trkpt lat="46.390610445756465" lon="8.039600368123502"><ele>2231.3899841308594</ele></trkpt><trkpt lat="46.390610445756465" lon="8.039760367944837"><ele>2231.2999877929688</ele></trkpt><trkpt lat="46.39062044583261" lon="8.0398103678599"><ele>2231.25</ele></trkpt><trkpt lat="46.39062044583261" lon="8.039840368088335"><ele>2231.199981689453</ele></trkpt><trkpt lat="46.39062044583261" lon="8.039900368079543"><ele>2231.2999877929688</ele></trkpt><trkpt lat="46.390630445908755" lon="8.039970368146896"><ele>2231.3999938964844</ele></trkpt><trkpt lat="46.390650446061045" lon="8.040270368102938"><ele>2232.199981689453</ele></trkpt><trkpt lat="46.390650446061045" lon="8.040300368331373"><ele>2232.4099731445312</ele></trkpt><trkpt lat="46.390650446061045" lon="8.040330368094146"><ele>2232.5999755859375</ele></trkpt><trkpt lat="46.390690446365625" lon="8.040490368381143"><ele>2233.3999938964844</ele></trkpt><trkpt lat="46.3907204461284" lon="8.040560368448496"><ele>2234.0</ele></trkpt><trkpt lat="46.39072044659406" lon="8.040560368448496"><ele>2234.1299743652344</ele></trkpt><trkpt lat="46.39074044628069" lon="8.040580368600786"><ele>2234.5</ele></trkpt><trkpt lat="46.39072044659406" lon="8.04063036851585"><ele>2235.3099975585938</ele></trkpt><trkpt lat="46.39072044659406" lon="8.04063036851585"><ele>2235.3999938964844</ele></trkpt><trkpt lat="46.39072044659406" lon="8.040640368591994"><ele>2235.47998046875</ele></trkpt><trkpt lat="46.390730446670204" lon="8.040690368972719"><ele>2235.7999877929688</ele></trkpt><trkpt lat="46.39074044674635" lon="8.040740368887782"><ele>2235.2999877929688</ele></trkpt><trkpt lat="46.39074044674635" lon="8.04076036857441"><ele>2235.259979248047</ele></trkpt><trkpt lat="46.390730446670204" lon="8.0407803687267"><ele>2235.199981689453</ele></trkpt><trkpt lat="46.390730446670204" lon="8.040810368489474"><ele>2235.259979248047</ele></trkpt><trkpt lat="46.390730446670204" lon="8.040830368641764"><ele>2235.2999877929688</ele></trkpt><trkpt lat="46.390730446670204" lon="8.040850368794054"><ele>2235.3399963378906</ele></trkpt><trkpt lat="46.39072044659406" lon="8.040960368700325"><ele>2236.2999877929688</ele></trkpt><trkpt lat="46.390690446831286" lon="8.041050368919969"><ele>2237.2999877929688</ele></trkpt><trkpt lat="46.390690446831286" lon="8.041070369072258"><ele>2237.469970703125</ele></trkpt><trkpt lat="46.390710446983576" lon="8.041130369063467"><ele>2237.199981689453</ele></trkpt><trkpt lat="46.39072044705972" lon="8.041140369139612"><ele>2236.8999938964844</ele></trkpt><trkpt lat="46.39078044705093" lon="8.041170368902385"><ele>2236.7999877929688</ele></trkpt><trkpt lat="46.39079044666141" lon="8.04118036897853"><ele>2236.75</ele></trkpt><trkpt lat="46.39080044673756" lon="8.041190369054675"><ele>2236.6699829101562</ele></trkpt><trkpt lat="46.3908104468137" lon="8.041210368741304"><ele>2236.5799865722656</ele></trkpt><trkpt lat="46.39083044696599" lon="8.041280368808657"><ele>2236.2999877929688</ele></trkpt><trkpt lat="46.39085044665262" lon="8.041320369113237"><ele>2236.2899780273438</ele></trkpt><trkpt lat="46.3908904469572" lon="8.041400368791074"><ele>2236.5999755859375</ele></trkpt><trkpt lat="46.3908904469572" lon="8.041400368791074"><ele>2236.449981689453</ele></trkpt><trkpt lat="46.3908904469572" lon="8.041400368791074"><ele>2236.5999755859375</ele></trkpt><trkpt lat="46.390900447033346" lon="8.041430369019508"><ele>2236.8199768066406</ele></trkpt><trkpt lat="46.390900447033346" lon="8.041470368858427"><ele>2237.0999755859375</ele></trkpt><trkpt lat="46.39091044710949" lon="8.041510369163007"><ele>2237.1399841308594</ele></trkpt><trkpt lat="46.390920447185636" lon="8.041530368849635"><ele>2237.199981689453</ele></trkpt><trkpt lat="46.390920447185636" lon="8.041570369154215"><ele>2237.1299743652344</ele></trkpt><trkpt lat="46.39093044679612" lon="8.041600368916988"><ele>2237.0999755859375</ele></trkpt><trkpt lat="46.39093044679612" lon="8.041600368916988"><ele>2237.0799865722656</ele></trkpt><trkpt lat="46.39093044679612" lon="8.041600368916988"><ele>2237.0899963378906</ele></trkpt><trkpt lat="46.39104044716805" lon="8.041700369212776"><ele>2237.6099853515625</ele></trkpt><trkpt lat="46.39104044716805" lon="8.041700369212776"><ele>2237.5999755859375</ele></trkpt><trkpt lat="46.3910504472442" lon="8.041700369212776"><ele>2237.6299743652344</ele></trkpt><trkpt lat="46.39110044715926" lon="8.04177036928013"><ele>2237.699981689453</ele></trkpt><trkpt lat="46.39114044699818" lon="8.041810369119048"><ele>2237.97998046875</ele></trkpt><trkpt lat="46.39123044721782" lon="8.041900369338691"><ele>2238.709991455078</ele></trkpt><trkpt lat="46.391320447437465" lon="8.041990369092673"><ele>2238.5999755859375</ele></trkpt><trkpt lat="46.39142044773325" lon="8.042100369464606"><ele>2240.0699768066406</ele></trkpt><trkpt lat="46.391530447639525" lon="8.042230369523168"><ele>2241.0</ele></trkpt><trkpt lat="46.391590448096395" lon="8.042300370056182"><ele>2242.0</ele></trkpt><trkpt lat="46.39160044817254" lon="8.042310370132327"><ele>2242.759979248047</ele></trkpt><trkpt lat="46.391630448400974" lon="8.04236037004739"><ele>2243.529998779297</ele></trkpt><trkpt lat="46.39166044862941" lon="8.04240037035197"><ele>2244.529998779297</ele></trkpt><trkpt lat="46.391710449010134" lon="8.042490370571613"><ele>2246.8799743652344</ele></trkpt><trkpt lat="46.39176044939086" lon="8.042540370952338"><ele>2248.4199829101562</ele></trkpt><trkpt lat="46.39180044922978" lon="8.042600370943546"><ele>2249.459991455078</ele></trkpt><trkpt lat="46.39187044976279" lon="8.04269037116319"><ele>2250.75</ele></trkpt><trkpt lat="46.391930449754" lon="8.042790371458977"><ele>2250.779998779297</ele></trkpt><trkpt lat="46.39196044951677" lon="8.04288037121296"><ele>2250.469970703125</ele></trkpt><trkpt lat="46.39202044950798" lon="8.04303037142381"><ele>2250.8599853515625</ele></trkpt><trkpt lat="46.392090450040996" lon="8.043230371549726"><ele>2253.269989013672</ele></trkpt><trkpt lat="46.39214045042172" lon="8.043430372141302"><ele>2255.25</ele></trkpt><trkpt lat="46.3921804507263" lon="8.043570372276008"><ele>2255.8299865722656</ele></trkpt><trkpt lat="46.392230451107025" lon="8.043770372867584"><ele>2258.7899780273438</ele></trkpt><trkpt lat="46.39228045148775" lon="8.04391037300229"><ele>2261.0</ele></trkpt><trkpt lat="46.392370452173054" lon="8.044090373441577"><ele>2263.0599975585938</ele></trkpt><trkpt lat="46.39240045240149" lon="8.044210373423994"><ele>2264.3699951171875</ele></trkpt><trkpt lat="46.39249045262113" lon="8.044370374176651"><ele>2266.8499755859375</ele></trkpt><trkpt lat="46.39258045330644" lon="8.044530374463648"><ele>2269.9099731445312</ele></trkpt><trkpt lat="46.39273045351729" lon="8.044740374665707"><ele>2270.3299865722656</ele></trkpt><trkpt lat="46.392870453651994" lon="8.044930374715477"><ele>2271.5399780273438</ele></trkpt><trkpt lat="46.392870453651994" lon="8.044930374715477"><ele>2271.5499877929688</ele></trkpt><trkpt lat="46.392930454108864" lon="8.04502037493512"><ele>2272.0699768066406</ele></trkpt><trkpt lat="46.39307045424357" lon="8.045240375213325"><ele>2273.269989013672</ele></trkpt><trkpt lat="46.39322045445442" lon="8.04546037549153"><ele>2275.0</ele></trkpt><trkpt lat="46.393370455130935" lon="8.04567037615925"><ele>2278.5499877929688</ele></trkpt><trkpt lat="46.39350045565516" lon="8.045830376446247"><ele>2280.189971923828</ele></trkpt><trkpt lat="46.393580455798656" lon="8.04592037666589"><ele>2282.3199768066406</ele></trkpt><trkpt lat="46.3935904558748" lon="8.045930376742035"><ele>2282.5599975585938</ele></trkpt><trkpt lat="46.393850456923246" lon="8.046240377239883"><ele>2286.3299865722656</ele></trkpt><trkpt lat="46.3938704575412" lon="8.046260377857834"><ele>2290.0999755859375</ele></trkpt><trkpt lat="46.393930457532406" lon="8.046320378314704"><ele>2291.5499877929688</ele></trkpt><trkpt lat="46.39410045836121" lon="8.0464803786017"><ele>2295.2999877929688</ele></trkpt><trkpt lat="46.39415045874193" lon="8.04654037905857"><ele>2296.769989013672</ele></trkpt><trkpt lat="46.39423045888543" lon="8.046630379278213"><ele>2297.769989013672</ele></trkpt><trkpt lat="46.394590459764004" lon="8.047000379767269"><ele>2302.8299865722656</ele></trkpt><trkpt lat="46.39464046014473" lon="8.047060380224138"><ele>2303.6099853515625</ele></trkpt><trkpt lat="46.39464046014473" lon="8.047060380224138"><ele>2303.6399841308594</ele></trkpt><trkpt lat="46.39471046021208" lon="8.047130380291492"><ele>2304.5999755859375</ele></trkpt><trkpt lat="46.394860460888594" lon="8.047300380654633"><ele>2308.239990234375</ele></trkpt><trkpt lat="46.39497046172619" lon="8.047470381483436"><ele>2311.4299926757812</ele></trkpt><trkpt lat="46.39504046179354" lon="8.047570381779224"><ele>2313.0499877929688</ele></trkpt><trkpt lat="46.39506046194583" lon="8.047590381931514"><ele>2313.509979248047</ele></trkpt><trkpt lat="46.395110462326556" lon="8.047640381846577"><ele>2314.5999755859375</ele></trkpt><trkpt lat="46.3952004625462" lon="8.047700382303447"><ele>2315.8999938964844</ele></trkpt><trkpt lat="46.39528046315536" lon="8.047740382608026"><ele>2317.699981689453</ele></trkpt><trkpt lat="46.395290463231504" lon="8.047750382684171"><ele>2318.209991455078</ele></trkpt><trkpt lat="46.39535046322271" lon="8.04779038252309"><ele>2319.5499877929688</ele></trkpt><trkpt lat="46.39540046360344" lon="8.047820382751524"><ele>2320.1199951171875</ele></trkpt><trkpt lat="46.395460463594645" lon="8.047840382903814"><ele>2321.0899963378906</ele></trkpt><trkpt lat="46.39551046397537" lon="8.04785038297996"><ele>2322.3299865722656</ele></trkpt><trkpt lat="46.39553046412766" lon="8.047840383369476"><ele>2322.989990234375</ele></trkpt><trkpt lat="46.395580464508384" lon="8.047830383758992"><ele>2325.0899963378906</ele></trkpt><trkpt lat="46.39569046488032" lon="8.047890384215862"><ele>2327.7999877929688</ele></trkpt><trkpt lat="46.39576046541333" lon="8.047940384596586"><ele>2329.699981689453</ele></trkpt><trkpt lat="46.39588046586141" lon="8.048050384502858"><ele>2331.5</ele></trkpt><trkpt lat="46.39594046585262" lon="8.048130384646356"><ele>2332.0999755859375</ele></trkpt><trkpt lat="46.39594046585262" lon="8.048140384722501"><ele>2332.0699768066406</ele></trkpt><trkpt lat="46.39599046576768" lon="8.048230384942144"><ele>2331.8399963378906</ele></trkpt><trkpt lat="46.39600046584383" lon="8.048250384628773"><ele>2331.8099975585938</ele></trkpt><trkpt lat="46.396060465835035" lon="8.048190384637564"><ele>2331.2999877929688</ele></trkpt><trkpt lat="46.39609046559781" lon="8.04816038440913"><ele>2330.7999877929688</ele></trkpt><trkpt lat="46.39610046567395" lon="8.04816038440913"><ele>2330.8199768066406</ele></trkpt><trkpt lat="46.39613046543673" lon="8.048150384332985"><ele>2330.1199951171875</ele></trkpt><trkpt lat="46.39614046551287" lon="8.048150384332985"><ele>2329.949981689453</ele></trkpt><trkpt lat="46.396170465275645" lon="8.048120384570211"><ele>2329.949981689453</ele></trkpt><trkpt lat="46.396190465427935" lon="8.048090384341776"><ele>2330.0</ele></trkpt><trkpt lat="46.396190465427935" lon="8.048090384341776"><ele>2329.949981689453</ele></trkpt><trkpt lat="46.39620046550408" lon="8.048080384265631"><ele>2330.1099853515625</ele></trkpt><trkpt lat="46.39622046565637" lon="8.048070384655148"><ele>2330.47998046875</ele></trkpt><trkpt lat="46.39622046565637" lon="8.048070384655148"><ele>2330.3999938964844</ele></trkpt><trkpt lat="46.39628046564758" lon="8.04816038440913"><ele>2330.2999877929688</ele></trkpt><trkpt lat="46.3963204654865" lon="8.048220384400338"><ele>2329.8199768066406</ele></trkpt><trkpt lat="46.3963204654865" lon="8.048220384400338"><ele>2329.7999877929688</ele></trkpt><trkpt lat="46.39633046509698" lon="8.048230384476483"><ele>2329.699981689453</ele></trkpt><trkpt lat="46.39635046524927" lon="8.048250384163111"><ele>2329.5</ele></trkpt><trkpt lat="46.39635046524927" lon="8.048250384163111"><ele>2329.529998779297</ele></trkpt><trkpt lat="46.396360465325415" lon="8.048260384239256"><ele>2329.6299743652344</ele></trkpt><trkpt lat="46.39637046540156" lon="8.048290384467691"><ele>2329.8999938964844</ele></trkpt><trkpt lat="46.39639046555385" lon="8.04837038461119"><ele>2330.199981689453</ele></trkpt><trkpt lat="46.396420465782285" lon="8.048500384669751"><ele>2331.2999877929688</ele></trkpt><trkpt lat="46.39643046585843" lon="8.04852038482204"><ele>2331.239990234375</ele></trkpt><trkpt lat="46.39643046539277" lon="8.04852038482204"><ele>2330.699981689453</ele></trkpt><trkpt lat="46.39643046539277" lon="8.04854038450867"><ele>2331.199981689453</ele></trkpt><trkpt lat="46.39645046554506" lon="8.048570384737104"><ele>2331.1499938964844</ele></trkpt><trkpt lat="46.3964604656212" lon="8.048580384813249"><ele>2331.1499938964844</ele></trkpt><trkpt lat="46.396530465222895" lon="8.04867038410157"><ele>2328.8999938964844</ele></trkpt><trkpt lat="46.39656046498567" lon="8.048730384092778"><ele>2328.0999755859375</ele></trkpt><trkpt lat="46.39658046513796" lon="8.048780384007841"><ele>2327.939971923828</ele></trkpt><trkpt lat="46.39661046490073" lon="8.04884038399905"><ele>2328.0899963378906</ele></trkpt><trkpt lat="46.39664046512917" lon="8.048940384294838"><ele>2327.7999877929688</ele></trkpt><trkpt lat="46.396700464654714" lon="8.049060383811593"><ele>2326.8999938964844</ele></trkpt><trkpt lat="46.39673046488315" lon="8.049130383878946"><ele>2326.5</ele></trkpt><trkpt lat="46.39674046449363" lon="8.04916038364172"><ele>2326.009979248047</ele></trkpt><trkpt lat="46.39674046449363" lon="8.049190383870155"><ele>2325.5999755859375</ele></trkpt><trkpt lat="46.396770464256406" lon="8.049260383937508"><ele>2325.0999755859375</ele></trkpt><trkpt lat="46.396810464560986" lon="8.049430383834988"><ele>2325.2999877929688</ele></trkpt><trkpt lat="46.396830464713275" lon="8.049480383750051"><ele>2325.3799743652344</ele></trkpt><trkpt lat="46.396850464399904" lon="8.04954038374126"><ele>2325.7999877929688</ele></trkpt><trkpt lat="46.39688046462834" lon="8.049610383808613"><ele>2326.199981689453</ele></trkpt><trkpt lat="46.39692046446726" lon="8.049670383799821"><ele>2325.8999938964844</ele></trkpt><trkpt lat="46.39697046438232" lon="8.04973038379103"><ele>2325.3999938964844</ele></trkpt><trkpt lat="46.39697046438232" lon="8.049740383867174"><ele>2325.199981689453</ele></trkpt><trkpt lat="46.39699046406895" lon="8.049900383222848"><ele>2323.0</ele></trkpt><trkpt lat="46.397000464145094" lon="8.049910383298993"><ele>2322.959991455078</ele></trkpt><trkpt lat="46.39702046383172" lon="8.049930383451283"><ele>2322.8999938964844</ele></trkpt><trkpt lat="46.39703046390787" lon="8.049960383214056"><ele>2322.8899841308594</ele></trkpt><trkpt lat="46.39704046398401" lon="8.049990383442491"><ele>2322.8999938964844</ele></trkpt><trkpt lat="46.3970604641363" lon="8.05003038328141"><ele>2323.0</ele></trkpt><trkpt lat="46.397090463899076" lon="8.0500503834337"><ele>2322.5999755859375</ele></trkpt><trkpt lat="46.397110464051366" lon="8.050080383196473"><ele>2322.3799743652344</ele></trkpt><trkpt lat="46.39712046412751" lon="8.050100383348763"><ele>2322.2999877929688</ele></trkpt><trkpt lat="46.397170464042574" lon="8.050210383255035"><ele>2322.199981689453</ele></trkpt><trkpt lat="46.39721046388149" lon="8.050270383246243"><ele>2321.0999755859375</ele></trkpt><trkpt lat="46.39721046388149" lon="8.050270383246243"><ele>2321.0</ele></trkpt><trkpt lat="46.397240463644266" lon="8.050330383237451"><ele>2320.3999938964844</ele></trkpt><trkpt lat="46.39725046372041" lon="8.05035038292408"><ele>2320.2899780273438</ele></trkpt><trkpt lat="46.39727046340704" lon="8.050390382762998"><ele>2320.0999755859375</ele></trkpt><trkpt lat="46.39729046309367" lon="8.050440382678062"><ele>2319.0</ele></trkpt><trkpt lat="46.39732046285644" lon="8.050510382745415"><ele>2317.8999938964844</ele></trkpt><trkpt lat="46.397370462771505" lon="8.050600382499397"><ele>2316.5</ele></trkpt><trkpt lat="46.397390462923795" lon="8.05063038226217"><ele>2316.209991455078</ele></trkpt><trkpt lat="46.39742046268657" lon="8.050690382253379"><ele>2315.699981689453</ele></trkpt><trkpt lat="46.39743046276271" lon="8.050720382481813"><ele>2315.469970703125</ele></trkpt><trkpt lat="46.39746046252549" lon="8.05080038215965"><ele>2314.8999938964844</ele></trkpt><trkpt lat="46.39748046267778" lon="8.050850382074714"><ele>2315.0</ele></trkpt><trkpt lat="46.39749046228826" lon="8.050870382227004"><ele>2315.029998779297</ele></trkpt><trkpt lat="46.39751046244055" lon="8.050900381989777"><ele>2315.0999755859375</ele></trkpt><trkpt lat="46.39753046259284" lon="8.05097038205713"><ele>2315.0999755859375</ele></trkpt><trkpt lat="46.39755046227947" lon="8.051020382437855"><ele>2315.0999755859375</ele></trkpt><trkpt lat="46.39757046243176" lon="8.051050382200629"><ele>2315.0</ele></trkpt><trkpt lat="46.39759046211839" lon="8.051080381963402"><ele>2314.219970703125</ele></trkpt><trkpt lat="46.39761046227068" lon="8.05114038195461"><ele>2312.8999938964844</ele></trkpt><trkpt lat="46.397630461957306" lon="8.051170381717384"><ele>2311.939971923828</ele></trkpt><trkpt lat="46.39764046156779" lon="8.051220381632447"><ele>2310.8999938964844</ele></trkpt><trkpt lat="46.39766046125442" lon="8.051280381157994"><ele>2309.199981689453</ele></trkpt><trkpt lat="46.39768046140671" lon="8.051310381386429"><ele>2308.5999755859375</ele></trkpt><trkpt lat="46.39769046101719" lon="8.051350381225348"><ele>2307.7999877929688</ele></trkpt><trkpt lat="46.39771046116948" lon="8.051400381140411"><ele>2307.0999755859375</ele></trkpt><trkpt lat="46.397720460779965" lon="8.051470380742103"><ele>2306.529998779297</ele></trkpt><trkpt lat="46.39773046085611" lon="8.051500380970538"><ele>2306.199981689453</ele></trkpt><trkpt lat="46.39773046039045" lon="8.051610380411148"><ele>2303.7999877929688</ele></trkpt><trkpt lat="46.39773046039045" lon="8.051640380173922"><ele>2303.259979248047</ele></trkpt><trkpt lat="46.39774046000093" lon="8.051660380326211"><ele>2302.8999938964844</ele></trkpt><trkpt lat="46.39776045968756" lon="8.051720379851758"><ele>2301.5</ele></trkpt><trkpt lat="46.397770459763706" lon="8.051820380147547"><ele>2300.699981689453</ele></trkpt><trkpt lat="46.397810459602624" lon="8.051880379673094"><ele>2300.2999877929688</ele></trkpt><trkpt lat="46.39783045928925" lon="8.051950379740447"><ele>2298.959991455078</ele></trkpt><trkpt lat="46.39783045928925" lon="8.051990379579365"><ele>2298.699981689453</ele></trkpt><trkpt lat="46.3978404593654" lon="8.0520203798078"><ele>2298.6399841308594</ele></trkpt><trkpt lat="46.3978404593654" lon="8.052040379494429"><ele>2298.5999755859375</ele></trkpt><trkpt lat="46.39786045951769" lon="8.052080379799008"><ele>2298.8999938964844</ele></trkpt><trkpt lat="46.397900459356606" lon="8.052120379637927"><ele>2298.8999938964844</ele></trkpt><trkpt lat="46.397920459508896" lon="8.052130379714072"><ele>2299.25</ele></trkpt><trkpt lat="46.39795045973733" lon="8.052160379942507"><ele>2299.8999938964844</ele></trkpt><trkpt lat="46.397980459500104" lon="8.052180380094796"><ele>2300.199981689453</ele></trkpt><trkpt lat="46.398000459652394" lon="8.052180380094796"><ele>2300.699981689453</ele></trkpt><trkpt lat="46.398020459804684" lon="8.052190380170941"><ele>2300.759979248047</ele></trkpt><trkpt lat="46.39804045949131" lon="8.05221037985757"><ele>2300.699981689453</ele></trkpt><trkpt lat="46.3980604596436" lon="8.052250379696488"><ele>2300.3999938964844</ele></trkpt><trkpt lat="46.39807045971975" lon="8.052290380001068"><ele>2300.2999877929688</ele></trkpt><trkpt lat="46.39808045979589" lon="8.052320379763842"><ele>2300.1299743652344</ele></trkpt><trkpt lat="46.39812045963481" lon="8.052390379831195"><ele>2299.4099731445312</ele></trkpt><trkpt lat="46.39814045932144" lon="8.052450379822403"><ele>2299.1599731445312</ele></trkpt><trkpt lat="46.39818045916036" lon="8.052520379889756"><ele>2299.019989013672</ele></trkpt><trkpt lat="46.39822045946494" lon="8.052620379719883"><ele>2298.5</ele></trkpt><trkpt lat="46.398240459151566" lon="8.052650379482657"><ele>2298.3999938964844</ele></trkpt><trkpt lat="46.398240459151566" lon="8.052680379711092"><ele>2298.519989013672</ele></trkpt><trkpt lat="46.398240459151566" lon="8.052700379863381"><ele>2298.699981689453</ele></trkpt><trkpt lat="46.398240459151566" lon="8.052800379693508"><ele>2298.7999877929688</ele></trkpt><trkpt lat="46.398260459303856" lon="8.052840379532427"><ele>2298.8299865722656</ele></trkpt><trkpt lat="46.39827045938" lon="8.052870379760861"><ele>2298.7999877929688</ele></trkpt><trkpt lat="46.398280458990484" lon="8.052990379277617"><ele>2297.3999938964844</ele></trkpt><trkpt lat="46.39829045906663" lon="8.05304037919268"><ele>2297.029998779297</ele></trkpt><trkpt lat="46.398300459142774" lon="8.05306037934497"><ele>2296.7999877929688</ele></trkpt><trkpt lat="46.3983204588294" lon="8.053120379336178"><ele>2296.5</ele></trkpt><trkpt lat="46.39836045866832" lon="8.053170379251242"><ele>2295.72998046875</ele></trkpt><trkpt lat="46.398370458744466" lon="8.053170379251242"><ele>2295.6199951171875</ele></trkpt><trkpt lat="46.398370458744466" lon="8.053180379327387"><ele>2295.5999755859375</ele></trkpt><trkpt lat="46.39842045865953" lon="8.05321037909016"><ele>2294.7999877929688</ele></trkpt><trkpt lat="46.39844045834616" lon="8.05323037924245"><ele>2294.5799865722656</ele></trkpt><trkpt lat="46.39847045857459" lon="8.053240378852934"><ele>2294.3999938964844</ele></trkpt><trkpt lat="46.39848045865074" lon="8.053250378929079"><ele>2294.2999877929688</ele></trkpt><trkpt lat="46.39851045841351" lon="8.053290378767997"><ele>2294.199981689453</ele></trkpt><trkpt lat="46.39855045825243" lon="8.05336037883535"><ele>2292.8999938964844</ele></trkpt><trkpt lat="46.39859045809135" lon="8.053420378826559"><ele>2292.0999755859375</ele></trkpt><trkpt lat="46.39859045809135" lon="8.053430378437042"><ele>2292.0599975585938</ele></trkpt><trkpt lat="46.39860045770183" lon="8.053550378419459"><ele>2291.3299865722656</ele></trkpt><trkpt lat="46.39860045770183" lon="8.053700378164649"><ele>2289.459991455078</ele></trkpt><trkpt lat="46.398590457160026" lon="8.053750378079712"><ele>2288.6299743652344</ele></trkpt><trkpt lat="46.39858045708388" lon="8.053770378232002"><ele>2288.3199768066406</ele></trkpt><trkpt lat="46.39858045708388" lon="8.053800377994776"><ele>2288.1099853515625</ele></trkpt><trkpt lat="46.39858045708388" lon="8.053840377833694"><ele>2287.7999877929688</ele></trkpt><trkpt lat="46.39860045723617" lon="8.053920377977192"><ele>2287.3999938964844</ele></trkpt><trkpt lat="46.398610457312316" lon="8.05396037781611"><ele>2287.3299865722656</ele></trkpt><trkpt lat="46.3986204569228" lon="8.05400037812069"><ele>2287.2999877929688</ele></trkpt><trkpt lat="46.398630456998944" lon="8.054050378035754"><ele>2287.199981689453</ele></trkpt><trkpt lat="46.3986204569228" lon="8.054110378026962"><ele>2287.2999877929688</ele></trkpt><trkpt lat="46.398610457312316" lon="8.054140377789736"><ele>2287.469970703125</ele></trkpt><trkpt lat="46.398610457312316" lon="8.05417037801817"><ele>2287.5999755859375</ele></trkpt><trkpt lat="46.398460457101464" lon="8.054430377669632"><ele>2287.1299743652344</ele></trkpt><trkpt lat="46.398460457101464" lon="8.054480377584696"><ele>2286.459991455078</ele></trkpt><trkpt lat="46.39847045671195" lon="8.054540377575904"><ele>2285.469970703125</ele></trkpt><trkpt lat="46.39847045671195" lon="8.054540377575904"><ele>2285.4099731445312</ele></trkpt><trkpt lat="46.39849045639858" lon="8.054620377719402"><ele>2284.8999938964844</ele></trkpt><trkpt lat="46.39849045639858" lon="8.054650377482176"><ele>2284.5699768066406</ele></trkpt><trkpt lat="46.39849045639858" lon="8.05466037755832"><ele>2284.439971923828</ele></trkpt><trkpt lat="46.39849045639858" lon="8.05468037724495"><ele>2284.2999877929688</ele></trkpt><trkpt lat="46.39850045647472" lon="8.054780377075076"><ele>2283.2999877929688</ele></trkpt><trkpt lat="46.39856045600027" lon="8.054930376820266"><ele>2280.5999755859375</ele></trkpt><trkpt lat="46.3985804556869" lon="8.054950376972556"><ele>2280.0899963378906</ele></trkpt><trkpt lat="46.39861045544967" lon="8.054970376659185"><ele>2279.3999938964844</ele></trkpt><trkpt lat="46.39867045544088" lon="8.055040376260877"><ele>2277.7999877929688</ele></trkpt><trkpt lat="46.39867045497522" lon="8.055080376565456"><ele>2277.3999938964844</ele></trkpt><trkpt lat="46.39867045497522" lon="8.05511037632823"><ele>2276.769989013672</ele></trkpt><trkpt lat="46.39866045489907" lon="8.055120376404375"><ele>2276.6199951171875</ele></trkpt><trkpt lat="46.39865045482293" lon="8.055150376167148"><ele>2275.97998046875</ele></trkpt><trkpt lat="46.39863045467064" lon="8.055190376006067"><ele>2275.0999755859375</ele></trkpt><trkpt lat="46.3986004544422" lon="8.055230375844985"><ele>2274.769989013672</ele></trkpt><trkpt lat="46.3986004544422" lon="8.055230375844985"><ele>2274.719970703125</ele></trkpt><trkpt lat="46.39855045452714" lon="8.055250375997275"><ele>2274.239990234375</ele></trkpt><trkpt lat="46.398500454612076" lon="8.05524037592113"><ele>2273.5999755859375</ele></trkpt><trkpt lat="46.39845045423135" lon="8.05522037576884"><ele>2272.9099731445312</ele></trkpt><trkpt lat="46.39842045400292" lon="8.05520037561655"><ele>2272.5</ele></trkpt><trkpt lat="46.39837045408785" lon="8.055190375540406"><ele>2271.7999877929688</ele></trkpt><trkpt lat="46.3983004540205" lon="8.05520037515089"><ele>2271.0</ele></trkpt><trkpt lat="46.398270453792065" lon="8.055210375227034"><ele>2270.6699829101562</ele></trkpt><trkpt lat="46.398270453792065" lon="8.055220375303179"><ele>2270.5799865722656</ele></trkpt><trkpt lat="46.398270453792065" lon="8.055220375303179"><ele>2270.5599975585938</ele></trkpt><trkpt lat="46.398330453783274" lon="8.055260375142097"><ele>2270.5</ele></trkpt><trkpt lat="46.398350453935564" lon="8.055270375218242"><ele>2270.6599731445312</ele></trkpt><trkpt lat="46.39842045400292" lon="8.05535037536174"><ele>2271.3999938964844</ele></trkpt><trkpt lat="46.39844045415521" lon="8.05537037551403"><ele>2271.269989013672</ele></trkpt><trkpt lat="46.39847045391798" lon="8.055410375352949"><ele>2271.019989013672</ele></trkpt><trkpt lat="46.398500454146415" lon="8.055440375581384"><ele>2271.3699951171875</ele></trkpt><trkpt lat="46.39855045406148" lon="8.055480375420302"><ele>2270.959991455078</ele></trkpt><trkpt lat="46.39858045382425" lon="8.055510375183076"><ele>2271.1799926757812</ele></trkpt><trkpt lat="46.3985904539004" lon="8.05554037541151"><ele>2271.449981689453</ele></trkpt><trkpt lat="46.39862045412883" lon="8.05558037571609"><ele>2272.1699829101562</ele></trkpt><trkpt lat="46.398650453891605" lon="8.055600375402719"><ele>2272.1199951171875</ele></trkpt><trkpt lat="46.398670454043895" lon="8.055620375555009"><ele>2271.939971923828</ele></trkpt><trkpt lat="46.398690454196185" lon="8.055650375317782"><ele>2272.0799865722656</ele></trkpt><trkpt lat="46.39872045442462" lon="8.055670375470072"><ele>2272.6199951171875</ele></trkpt><trkpt lat="46.39875045418739" lon="8.055710375774652"><ele>2273.029998779297</ele></trkpt><trkpt lat="46.39877045433968" lon="8.055710375774652"><ele>2273.1399841308594</ele></trkpt><trkpt lat="46.3988104541786" lon="8.05575037561357"><ele>2273.029998779297</ele></trkpt><trkpt lat="46.3988904543221" lon="8.055810375604779"><ele>2273.2899780273438</ele></trkpt><trkpt lat="46.39891045447439" lon="8.055820375680923"><ele>2273.209991455078</ele></trkpt><trkpt lat="46.39893045416102" lon="8.055820375680923"><ele>2273.1699829101562</ele></trkpt><trkpt lat="46.3989704544656" lon="8.055860375519842"><ele>2273.189971923828</ele></trkpt><trkpt lat="46.39900045422837" lon="8.055900375824422"><ele>2273.239990234375</ele></trkpt><trkpt lat="46.39902045438066" lon="8.05594037566334"><ele>2273.519989013672</ele></trkpt><trkpt lat="46.39906045468524" lon="8.05598037596792"><ele>2274.0999755859375</ele></trkpt><trkpt lat="46.399110454600304" lon="8.056040375959128"><ele>2274.5799865722656</ele></trkpt><trkpt lat="46.39918045466766" lon="8.056110376026481"><ele>2275.75</ele></trkpt><trkpt lat="46.3992704548873" lon="8.056180376093835"><ele>2276.1299743652344</ele></trkpt><trkpt lat="46.39931045519188" lon="8.056200376246125"><ele>2276.5699768066406</ele></trkpt><trkpt lat="46.3993504550308" lon="8.056240376550704"><ele>2276.969970703125</ele></trkpt><trkpt lat="46.39937045518309" lon="8.056270376313478"><ele>2277.189971923828</ele></trkpt><trkpt lat="46.399380455259234" lon="8.056280376389623"><ele>2277.4099731445312</ele></trkpt><trkpt lat="46.39941045548767" lon="8.056330376770347"><ele>2278.0799865722656</ele></trkpt><trkpt lat="46.3994304551743" lon="8.056340376380831"><ele>2278.4199829101562</ele></trkpt><trkpt lat="46.39949045563117" lon="8.056440376676619"><ele>2279.029998779297</ele></trkpt><trkpt lat="46.399550455622375" lon="8.056520376820117"><ele>2280.529998779297</ele></trkpt><trkpt lat="46.39956045569852" lon="8.056540376972407"><ele>2280.779998779297</ele></trkpt><trkpt lat="46.399570455774665" lon="8.056560377124697"><ele>2280.8799743652344</ele></trkpt><trkpt lat="46.399590455926955" lon="8.05659037688747"><ele>2280.9299926757812</ele></trkpt><trkpt lat="46.3996004560031" lon="8.05661037703976"><ele>2281.219970703125</ele></trkpt><trkpt lat="46.39964045584202" lon="8.05661037703976"><ele>2281.8599853515625</ele></trkpt><trkpt lat="46.39965045591816" lon="8.05663037719205"><ele>2282.199981689453</ele></trkpt><trkpt lat="46.39966045599431" lon="8.05665037734434"><ele>2282.269989013672</ele></trkpt><trkpt lat="46.3996804561466" lon="8.056660377420485"><ele>2282.3799743652344</ele></trkpt><trkpt lat="46.39969045622274" lon="8.056680377107114"><ele>2282.3399963378906</ele></trkpt><trkpt lat="46.39971045637503" lon="8.056700377259403"><ele>2282.5</ele></trkpt><trkpt lat="46.39973045606166" lon="8.056730377487838"><ele>2282.8499755859375</ele></trkpt><trkpt lat="46.39975045621395" lon="8.056780377402902"><ele>2283.2999877929688</ele></trkpt><trkpt lat="46.39977045636624" lon="8.056800377555192"><ele>2283.5399780273438</ele></trkpt><trkpt lat="46.399780456442386" lon="8.056820377707481"><ele>2283.8399963378906</ele></trkpt><trkpt lat="46.39979045651853" lon="8.056850377470255"><ele>2284.1399841308594</ele></trkpt><trkpt lat="46.39981045667082" lon="8.05688037769869"><ele>2284.3999938964844</ele></trkpt><trkpt lat="46.399820456746966" lon="8.056890377774835"><ele>2284.3199768066406</ele></trkpt><trkpt lat="46.39985045650974" lon="8.056910377461463"><ele>2284.939971923828</ele></trkpt><trkpt lat="46.39989045681432" lon="8.056940377689898"><ele>2285.72998046875</ele></trkpt><trkpt lat="46.39993045665324" lon="8.056990378070623"><ele>2285.989990234375</ele></trkpt><trkpt lat="46.39996045688167" lon="8.057030377909541"><ele>2286.25</ele></trkpt><trkpt lat="46.39998045703396" lon="8.05709037790075"><ele>2286.8099975585938</ele></trkpt><trkpt lat="46.40002045687288" lon="8.057140377815813"><ele>2286.9299926757812</ele></trkpt><trkpt lat="46.400030456949025" lon="8.057150377891958"><ele>2287.0399780273438</ele></trkpt><trkpt lat="46.40004045702517" lon="8.057150377891958"><ele>2287.0899963378906</ele></trkpt><trkpt lat="46.40006045717746" lon="8.05713037820533"><ele>2287.1699829101562</ele></trkpt><trkpt lat="46.400070457253605" lon="8.057120378129184"><ele>2287.269989013672</ele></trkpt><trkpt lat="46.400110457092524" lon="8.05711037805304"><ele>2287.3099975585938</ele></trkpt><trkpt lat="46.4001504573971" lon="8.057100377976894"><ele>2287.439971923828</ele></trkpt><trkpt lat="46.40017045708373" lon="8.057080378290266"><ele>2287.6199951171875</ele></trkpt><trkpt lat="46.40022045746446" lon="8.057050378061831"><ele>2287.8199768066406</ele></trkpt><trkpt lat="46.40023045707494" lon="8.057040377985686"><ele>2287.7999877929688</ele></trkpt><trkpt lat="46.400240457151085" lon="8.057030378375202"><ele>2287.9099731445312</ele></trkpt><trkpt lat="46.40027045737952" lon="8.057040377985686"><ele>2287.5</ele></trkpt><trkpt lat="46.40030045714229" lon="8.057060378137976"><ele>2287.489990234375</ele></trkpt><trkpt lat="46.4003604571335" lon="8.05713037820533"><ele>2287.8199768066406</ele></trkpt><trkpt lat="46.40037045720965" lon="8.057140378281474"><ele>2287.8099975585938</ele></trkpt><trkpt lat="46.400450457353145" lon="8.057180378120393"><ele>2287.4099731445312</ele></trkpt><trkpt lat="46.40049045719206" lon="8.057200378272682"><ele>2287.5699768066406</ele></trkpt><trkpt lat="46.4005204574205" lon="8.057200378272682"><ele>2287.759979248047</ele></trkpt><trkpt lat="46.40054045710713" lon="8.057210378348827"><ele>2288.009979248047</ele></trkpt><trkpt lat="46.40059045702219" lon="8.057290378026664"><ele>2287.269989013672</ele></trkpt><trkpt lat="46.40059045702219" lon="8.057290378026664"><ele>2287.259979248047</ele></trkpt><trkpt lat="46.40059045702219" lon="8.05730037810281"><ele>2287.2999877929688</ele></trkpt><trkpt lat="46.40061045717448" lon="8.057320378255099"><ele>2287.1099853515625</ele></trkpt><trkpt lat="46.40066045708954" lon="8.057450377848"><ele>2286.5</ele></trkpt><trkpt lat="46.40076045691967" lon="8.057660377584398"><ele>2285.0999755859375</ele></trkpt><trkpt lat="46.4007804566063" lon="8.057700377888978"><ele>2284.8999938964844</ele></trkpt><trkpt lat="46.400790456682444" lon="8.057740377727896"><ele>2284.8499755859375</ele></trkpt><trkpt lat="46.40081045683473" lon="8.05781037779525"><ele>2284.8099975585938</ele></trkpt><trkpt lat="46.4008604567498" lon="8.057920377701521"><ele>2284.9199829101562</ele></trkpt><trkpt lat="46.400900456588715" lon="8.057990377768874"><ele>2284.8999938964844</ele></trkpt><trkpt lat="46.400940456893295" lon="8.05811037775129"><ele>2285.269989013672</ele></trkpt><trkpt lat="46.40098045673221" lon="8.058250377885997"><ele>2285.5999755859375</ele></trkpt><trkpt lat="46.40103045711294" lon="8.058350378181785"><ele>2286.199981689453</ele></trkpt><trkpt lat="46.40107045695186" lon="8.058430377859622"><ele>2286.699981689453</ele></trkpt><trkpt lat="46.401080457028" lon="8.058430377859622"><ele>2286.689971923828</ele></trkpt><trkpt lat="46.40110045718029" lon="8.058430378325284"><ele>2286.8999938964844</ele></trkpt><trkpt lat="46.40112045733258" lon="8.058420378249139"><ele>2287.0</ele></trkpt><trkpt lat="46.40112045733258" lon="8.058420378249139"><ele>2287.0</ele></trkpt><trkpt lat="46.401150457095355" lon="8.058370378334075"><ele>2287.8999938964844</ele></trkpt><trkpt lat="46.401150457095355" lon="8.05836037825793"><ele>2287.769989013672</ele></trkpt><trkpt lat="46.401150457095355" lon="8.05836037825793"><ele>2287.7999877929688</ele></trkpt><trkpt lat="46.401150457095355" lon="8.058350378181785"><ele>2287.8499755859375</ele></trkpt><trkpt lat="46.4011604571715" lon="8.05834037810564"><ele>2288.0</ele></trkpt><trkpt lat="46.401170457247645" lon="8.058320378419012"><ele>2288.029998779297</ele></trkpt><trkpt lat="46.40118045732379" lon="8.058300378266722"><ele>2288.0</ele></trkpt><trkpt lat="46.401190457399935" lon="8.058310378342867"><ele>2288.019989013672</ele></trkpt><trkpt lat="46.40120045747608" lon="8.058330378495157"><ele>2288.199981689453</ele></trkpt><trkpt lat="46.40120045747608" lon="8.05834037810564"><ele>2288.22998046875</ele></trkpt><trkpt lat="46.40121045708656" lon="8.05836037825793"><ele>2287.5</ele></trkpt><trkpt lat="46.40122045716271" lon="8.058370378334075"><ele>2288.209991455078</ele></trkpt><trkpt lat="46.40122045762837" lon="8.058430378325284"><ele>2288.5999755859375</ele></trkpt><trkpt lat="46.401230457704514" lon="8.058480378240347"><ele>2289.0499877929688</ele></trkpt><trkpt lat="46.401230457704514" lon="8.058550378773361"><ele>2289.7999877929688</ele></trkpt><trkpt lat="46.401250457856804" lon="8.058600378688425"><ele>2290.1699829101562</ele></trkpt><trkpt lat="46.40128045808524" lon="8.058690378908068"><ele>2290.7899780273438</ele></trkpt><trkpt lat="46.4013304580003" lon="8.058870378881693"><ele>2291.469970703125</ele></trkpt><trkpt lat="46.4013304580003" lon="8.058890379033983"><ele>2291.489990234375</ele></trkpt><trkpt lat="46.4013304580003" lon="8.058900378644466"><ele>2291.509979248047</ele></trkpt><trkpt lat="46.40134045807645" lon="8.058910378720611"><ele>2291.5399780273438</ele></trkpt><trkpt lat="46.40136045822874" lon="8.058930378872901"><ele>2291.6799926757812</ele></trkpt><trkpt lat="46.401380457915366" lon="8.058980378787965"><ele>2291.8099975585938</ele></trkpt><trkpt lat="46.401420458219945" lon="8.059080379083753"><ele>2292.719970703125</ele></trkpt><trkpt lat="46.401460458524525" lon="8.059210379142314"><ele>2294.2999877929688</ele></trkpt><trkpt lat="46.40149045875296" lon="8.059250379446894"><ele>2294.8799743652344</ele></trkpt><trkpt lat="46.401500458829105" lon="8.059270379599184"><ele>2294.969970703125</ele></trkpt><trkpt lat="46.40151045890525" lon="8.05937037942931"><ele>2295.8199768066406</ele></trkpt><trkpt lat="46.401520458981395" lon="8.059380379505455"><ele>2295.959991455078</ele></trkpt><trkpt lat="46.40153045905754" lon="8.059400379657745"><ele>2296.3199768066406</ele></trkpt><trkpt lat="46.401540459133685" lon="8.05941037973389"><ele>2296.519989013672</ele></trkpt><trkpt lat="46.40155045920983" lon="8.059440379962325"><ele>2296.7899780273438</ele></trkpt><trkpt lat="46.40157045936212" lon="8.059540379792452"><ele>2298.009979248047</ele></trkpt><trkpt lat="46.401580459438264" lon="8.059580380097032"><ele>2298.2899780273438</ele></trkpt><trkpt lat="46.401580459438264" lon="8.059590380173177"><ele>2298.279998779297</ele></trkpt><trkpt lat="46.40162045927718" lon="8.059690380003303"><ele>2297.7999877929688</ele></trkpt><trkpt lat="46.40163045888767" lon="8.059750379994512"><ele>2296.8199768066406</ele></trkpt><trkpt lat="46.401650459039956" lon="8.059840379748493"><ele>2296.709991455078</ele></trkpt><trkpt lat="46.401650459039956" lon="8.059860379900783"><ele>2296.699981689453</ele></trkpt><trkpt lat="46.401650459039956" lon="8.059920379891992"><ele>2297.199981689453</ele></trkpt><trkpt lat="46.4016604591161" lon="8.05996037973091"><ele>2297.2999877929688</ele></trkpt><trkpt lat="46.40168045926839" lon="8.060080380178988"><ele>2297.8999938964844</ele></trkpt><trkpt lat="46.40168045926839" lon="8.060140380170196"><ele>2298.189971923828</ele></trkpt><trkpt lat="46.40168045926839" lon="8.060160379856825"><ele>2298.2999877929688</ele></trkpt><trkpt lat="46.401690459344536" lon="8.06019038008526"><ele>2298.5</ele></trkpt><trkpt lat="46.40170045942068" lon="8.060230379924178"><ele>2299.0</ele></trkpt><trkpt lat="46.40170045942068" lon="8.060250380076468"><ele>2299.3199768066406</ele></trkpt><trkpt lat="46.40170045988634" lon="8.060340380296111"><ele>2300.7899780273438</ele></trkpt><trkpt lat="46.40170045988634" lon="8.060340380296111"><ele>2300.8099975585938</ele></trkpt><trkpt lat="46.40170045988634" lon="8.060340380296111"><ele>2300.8499755859375</ele></trkpt><trkpt lat="46.40177046041936" lon="8.060430380981416"><ele>2302.779998779297</ele></trkpt><trkpt lat="46.40179046057165" lon="8.060470380820334"><ele>2303.279998779297</ele></trkpt><trkpt lat="46.40180046064779" lon="8.060520380735397"><ele>2303.8399963378906</ele></trkpt><trkpt lat="46.40180046064779" lon="8.060570381116122"><ele>2304.199981689453</ele></trkpt><trkpt lat="46.40180046064779" lon="8.06063038110733"><ele>2304.4199829101562</ele></trkpt><trkpt lat="46.40179046057165" lon="8.060700381174684"><ele>2304.8599853515625</ele></trkpt><trkpt lat="46.40179046057165" lon="8.060710381250829"><ele>2304.8799743652344</ele></trkpt><trkpt lat="46.40179046057165" lon="8.060740381013602"><ele>2304.9299926757812</ele></trkpt><trkpt lat="46.40182046080008" lon="8.0608203811571"><ele>2305.469970703125</ele></trkpt><trkpt lat="46.40182046080008" lon="8.060830381233245"><ele>2305.719970703125</ele></trkpt><trkpt lat="46.40184046095237" lon="8.06086038146168"><ele>2306.3799743652344</ele></trkpt><trkpt lat="46.401870461180806" lon="8.060900381300598"><ele>2307.009979248047</ele></trkpt><trkpt lat="46.40190046140924" lon="8.060910381842405"><ele>2307.9299926757812</ele></trkpt><trkpt lat="46.401910461485386" lon="8.06092038191855"><ele>2308.3199768066406</ele></trkpt><trkpt lat="46.401930461637676" lon="8.060930381994694"><ele>2308.8399963378906</ele></trkpt><trkpt lat="46.40198046155274" lon="8.060990381985903"><ele>2310.3699951171875</ele></trkpt><trkpt lat="46.402050462085754" lon="8.061060382518917"><ele>2311.9099731445312</ele></trkpt><trkpt lat="46.40208046231419" lon="8.06111038243398"><ele>2312.689971923828</ele></trkpt><trkpt lat="46.40210046246648" lon="8.0611503822729"><ele>2312.8799743652344</ele></trkpt><trkpt lat="46.40211046207696" lon="8.061180382501334"><ele>2312.6399841308594</ele></trkpt><trkpt lat="46.40210046200082" lon="8.061210382264107"><ele>2312.4099731445312</ele></trkpt><trkpt lat="46.40210046200082" lon="8.061230382416397"><ele>2312.199981689453</ele></trkpt><trkpt lat="46.40212046215311" lon="8.061290382407606"><ele>2311.6699829101562</ele></trkpt><trkpt lat="46.40213046176359" lon="8.061330382246524"><ele>2311.1399841308594</ele></trkpt><trkpt lat="46.40215046191588" lon="8.061360382009298"><ele>2310.8399963378906</ele></trkpt><trkpt lat="46.40217046160251" lon="8.061390382237732"><ele>2310.6499938964844</ele></trkpt><trkpt lat="46.402200461830944" lon="8.061440382152796"><ele>2310.5799865722656</ele></trkpt><trkpt lat="46.402200461830944" lon="8.061460382305086"><ele>2310.5399780273438</ele></trkpt><trkpt lat="46.40226046182215" lon="8.061550382059067"><ele>2310.269989013672</ele></trkpt><trkpt lat="46.4022704618983" lon="8.061560382135212"><ele>2310.3699951171875</ele></trkpt><trkpt lat="46.40236046211794" lon="8.061650382354856"><ele>2311.939971923828</ele></trkpt><trkpt lat="46.402410462498665" lon="8.061710382346064"><ele>2313.3399963378906</ele></trkpt><trkpt lat="46.402410462498665" lon="8.061740382574499"><ele>2313.6599731445312</ele></trkpt><trkpt lat="46.40242046257481" lon="8.061790382955223"><ele>2314.3099975585938</ele></trkpt><trkpt lat="46.402430462650955" lon="8.061820382717997"><ele>2314.8699951171875</ele></trkpt><trkpt lat="46.40246046287939" lon="8.061860383022577"><ele>2315.75</ele></trkpt><trkpt lat="46.40254046302289" lon="8.06191038293764"><ele>2316.439971923828</ele></trkpt><trkpt lat="46.40255046309903" lon="8.061920383013785"><ele>2316.529998779297</ele></trkpt><trkpt lat="46.40257046325132" lon="8.061980383470654"><ele>2317.449981689453</ele></trkpt><trkpt lat="46.40261046309024" lon="8.062020383309573"><ele>2316.8799743652344</ele></trkpt><trkpt lat="46.40267046308145" lon="8.06210038298741"><ele>2316.5499877929688</ele></trkpt><trkpt lat="46.402680463157594" lon="8.0621203831397"><ele>2316.6399841308594</ele></trkpt><trkpt lat="46.40271046292037" lon="8.062150383368134"><ele>2316.8299865722656</ele></trkpt><trkpt lat="46.40272046299651" lon="8.062170383054763"><ele>2316.949981689453</ele></trkpt><trkpt lat="46.40271046292037" lon="8.062240383122116"><ele>2317.219970703125</ele></trkpt><trkpt lat="46.40271046338603" lon="8.062280383426696"><ele>2317.529998779297</ele></trkpt><trkpt lat="46.40271046338603" lon="8.062290383502841"><ele>2317.6299743652344</ele></trkpt><trkpt lat="46.40271046338603" lon="8.062290383502841"><ele>2317.689971923828</ele></trkpt><trkpt lat="46.402720463462174" lon="8.06231038318947"><ele>2318.1399841308594</ele></trkpt><trkpt lat="46.402740463614464" lon="8.062320383265615"><ele>2318.6099853515625</ele></trkpt><trkpt lat="46.40278046345338" lon="8.062420383561403"><ele>2319.8999938964844</ele></trkpt><trkpt lat="46.40282046375796" lon="8.062470383476466"><ele>2319.8999938964844</ele></trkpt><trkpt lat="46.40283046383411" lon="8.062490383628756"><ele>2319.97998046875</ele></trkpt><trkpt lat="46.40283046383411" lon="8.062510383781046"><ele>2320.0</ele></trkpt><trkpt lat="46.40284046391025" lon="8.062550383619964"><ele>2320.279998779297</ele></trkpt><trkpt lat="46.4028504639864" lon="8.062600384000689"><ele>2320.5999755859375</ele></trkpt><trkpt lat="46.40290046436712" lon="8.062800384126604"><ele>2323.3999938964844</ele></trkpt><trkpt lat="46.40290046436712" lon="8.062840384431183"><ele>2324.0999755859375</ele></trkpt><trkpt lat="46.40293046506122" lon="8.062940384726971"><ele>2327.209991455078</ele></trkpt><trkpt lat="46.40294046513736" lon="8.062950384803116"><ele>2327.8399963378906</ele></trkpt><trkpt lat="46.40296046528965" lon="8.062980385031551"><ele>2328.6199951171875</ele></trkpt><trkpt lat="46.4029704653658" lon="8.062980385031551"><ele>2328.8799743652344</ele></trkpt><trkpt lat="46.40298046544194" lon="8.062980385031551"><ele>2329.209991455078</ele></trkpt><trkpt lat="46.40298046544194" lon="8.063000385183841"><ele>2329.8099975585938</ele></trkpt><trkpt lat="46.40298046544194" lon="8.063000385183841"><ele>2330.0499877929688</ele></trkpt><trkpt lat="46.40299046598375" lon="8.06302038533613"><ele>2330.6499938964844</ele></trkpt><trkpt lat="46.40299046598375" lon="8.063050385564566"><ele>2331.3399963378906</ele></trkpt><trkpt lat="46.40301046613604" lon="8.06312038609758"><ele>2333.5</ele></trkpt><trkpt lat="46.403020466677845" lon="8.063160385936499"><ele>2334.8599853515625</ele></trkpt><trkpt lat="46.403040466830134" lon="8.063200386241078"><ele>2336.22998046875</ele></trkpt><trkpt lat="46.40305046690628" lon="8.063230386469513"><ele>2337.0599975585938</ele></trkpt><trkpt lat="46.40305046737194" lon="8.063260386697948"><ele>2337.949981689453</ele></trkpt><trkpt lat="46.40300046745688" lon="8.063370387069881"><ele>2340.0599975585938</ele></trkpt><trkpt lat="46.40300046792254" lon="8.063400387298316"><ele>2340.6599731445312</ele></trkpt><trkpt lat="46.40301046799868" lon="8.06345038721338"><ele>2341.8199768066406</ele></trkpt><trkpt lat="46.40303046815097" lon="8.063500387594104"><ele>2343.0699768066406</ele></trkpt><trkpt lat="46.40305046830326" lon="8.063540387433022"><ele>2344.1699829101562</ele></trkpt><trkpt lat="46.4030804685317" lon="8.063560387585312"><ele>2345.0</ele></trkpt><trkpt lat="46.40309046860784" lon="8.063580387737602"><ele>2345.5599975585938</ele></trkpt><trkpt lat="46.40310046868399" lon="8.063610387966037"><ele>2346.199981689453</ele></trkpt><trkpt lat="46.403130469378084" lon="8.063680388499051"><ele>2348.3199768066406</ele></trkpt><trkpt lat="46.40316046960652" lon="8.06374038849026"><ele>2349.5499877929688</ele></trkpt><trkpt lat="46.403170469682664" lon="8.06376038864255"><ele>2350.0899963378906</ele></trkpt><trkpt lat="46.4032004699111" lon="8.063790388870984"><ele>2350.9199829101562</ele></trkpt><trkpt lat="46.40326046990231" lon="8.063870389014482"><ele>2352.3599853515625</ele></trkpt><trkpt lat="46.40326046990231" lon="8.063870389014482"><ele>2352.4299926757812</ele></trkpt><trkpt lat="46.40329047013074" lon="8.063890389166772"><ele>2352.8399963378906</ele></trkpt><trkpt lat="46.40330047020689" lon="8.063900389242917"><ele>2352.97998046875</ele></trkpt><trkpt lat="46.403320470359176" lon="8.063920389395207"><ele>2353.5499877929688</ele></trkpt><trkpt lat="46.40333047043532" lon="8.06395038915798"><ele>2354.0799865722656</ele></trkpt><trkpt lat="46.40333047043532" lon="8.063950389623642"><ele>2354.7899780273438</ele></trkpt><trkpt lat="46.403360470663756" lon="8.06401038961485"><ele>2355.5</ele></trkpt><trkpt lat="46.4033704707399" lon="8.06405038991943"><ele>2356.5999755859375</ele></trkpt><trkpt lat="46.4033704707399" lon="8.064070389606059"><ele>2357.009979248047</ele></trkpt><trkpt lat="46.40338047128171" lon="8.064110389910638"><ele>2357.8399963378906</ele></trkpt><trkpt lat="46.40339047135785" lon="8.064160390291363"><ele>2359.0499877929688</ele></trkpt><trkpt lat="46.40339047135785" lon="8.064160390291363"><ele>2359.0599975585938</ele></trkpt><trkpt lat="46.403400471434" lon="8.064180389977992"><ele>2359.2899780273438</ele></trkpt><trkpt lat="46.40341047151014" lon="8.064190390054137"><ele>2359.439971923828</ele></trkpt><trkpt lat="46.40342047158629" lon="8.064190390054137"><ele>2359.5999755859375</ele></trkpt><trkpt lat="46.40345047181472" lon="8.064210390206426"><ele>2360.5</ele></trkpt><trkpt lat="46.40346047189087" lon="8.064210390206426"><ele>2360.709991455078</ele></trkpt><trkpt lat="46.403520471882075" lon="8.064250390511006"><ele>2362.1099853515625</ele></trkpt><trkpt lat="46.403540472034365" lon="8.064280390739441"><ele>2362.8399963378906</ele></trkpt><trkpt lat="46.40359047241509" lon="8.064310390967876"><ele>2364.2999877929688</ele></trkpt><trkpt lat="46.403620472643524" lon="8.064310390967876"><ele>2365.2999877929688</ele></trkpt><trkpt lat="46.403640472795814" lon="8.064330391120166"><ele>2365.469970703125</ele></trkpt><trkpt lat="46.4036504724063" lon="8.064330391120166"><ele>2365.5999755859375</ele></trkpt><trkpt lat="46.40365047287196" lon="8.06434039119631"><ele>2365.739990234375</ele></trkpt><trkpt lat="46.40367047302425" lon="8.064410391263664"><ele>2367.3399963378906</ele></trkpt><trkpt lat="46.40367047302425" lon="8.064430391415954"><ele>2367.8999938964844</ele></trkpt><trkpt lat="46.403640473261476" lon="8.06444039195776"><ele>2369.209991455078</ele></trkpt><trkpt lat="46.40363047365099" lon="8.06446039211005"><ele>2370.0999755859375</ele></trkpt><trkpt lat="46.40363047365099" lon="8.064480391796678"><ele>2370.519989013672</ele></trkpt><trkpt lat="46.40364047372714" lon="8.064510392025113"><ele>2371.75</ele></trkpt><trkpt lat="46.40366047387943" lon="8.064520392101258"><ele>2372.47998046875</ele></trkpt><trkpt lat="46.40367047395557" lon="8.064540392253548"><ele>2373.3699951171875</ele></trkpt><trkpt lat="46.40371047472581" lon="8.064630392938852"><ele>2375.939971923828</ele></trkpt><trkpt lat="46.40378047525883" lon="8.064780393615365"><ele>2380.0999755859375</ele></trkpt><trkpt lat="46.40382047602907" lon="8.06485039414838"><ele>2382.5</ele></trkpt><trkpt lat="46.40384047618136" lon="8.06489039445296"><ele>2384.3899841308594</ele></trkpt><trkpt lat="46.40384047618136" lon="8.06489039445296"><ele>2384.5399780273438</ele></trkpt><trkpt lat="46.40387047640979" lon="8.06491039460525"><ele>2385.6199951171875</ele></trkpt><trkpt lat="46.40389047656208" lon="8.064940394833684"><ele>2386.6099853515625</ele></trkpt><trkpt lat="46.40392047679052" lon="8.064960394985974"><ele>2387.4299926757812</ele></trkpt><trkpt lat="46.4039604770951" lon="8.064990394748747"><ele>2388.2899780273438</ele></trkpt><trkpt lat="46.40397047717124" lon="8.065010394901037"><ele>2388.6799926757812</ele></trkpt><trkpt lat="46.40398047724739" lon="8.065030395053327"><ele>2389.0999755859375</ele></trkpt><trkpt lat="46.40399047732353" lon="8.065050395205617"><ele>2389.449981689453</ele></trkpt><trkpt lat="46.40399047732353" lon="8.065090395044535"><ele>2390.009979248047</ele></trkpt><trkpt lat="46.40402047755197" lon="8.065180395264179"><ele>2390.759979248047</ele></trkpt><trkpt lat="46.404060477390885" lon="8.06529039517045"><ele>2390.759979248047</ele></trkpt><trkpt lat="46.404080477543175" lon="8.065370395313948"><ele>2390.5399780273438</ele></trkpt><trkpt lat="46.40409047761932" lon="8.065380395390093"><ele>2390.459991455078</ele></trkpt><trkpt lat="46.40409047761932" lon="8.065410395152867"><ele>2389.989990234375</ele></trkpt><trkpt lat="46.40409047715366" lon="8.065440395381302"><ele>2389.719970703125</ele></trkpt><trkpt lat="46.404080477543175" lon="8.06546039506793"><ele>2389.459991455078</ele></trkpt><trkpt lat="46.40405047731474" lon="8.065570394974202"><ele>2389.5</ele></trkpt><trkpt lat="46.40403047762811" lon="8.065620395354927"><ele>2390.449981689453</ele></trkpt><trkpt lat="46.40404047770426" lon="8.065640395507216"><ele>2390.8799743652344</ele></trkpt><trkpt lat="46.40405047824606" lon="8.065880395937711"><ele>2395.019989013672</ele></trkpt><trkpt lat="46.404050478711724" lon="8.06590039609"><ele>2395.6099853515625</ele></trkpt><trkpt lat="46.40408047894016" lon="8.06592039624229"><ele>2396.6199951171875</ele></trkpt><trkpt lat="46.404110479168594" lon="8.065920396707952"><ele>2398.0699768066406</ele></trkpt><trkpt lat="46.40412047924474" lon="8.065940396860242"><ele>2398.9199829101562</ele></trkpt><trkpt lat="46.404110479168594" lon="8.06598039669916"><ele>2399.3899841308594</ele></trkpt><trkpt lat="46.404110479634255" lon="8.066010396927595"><ele>2400.1399841308594</ele></trkpt><trkpt lat="46.40410047955811" lon="8.066030397079885"><ele>2400.959991455078</ele></trkpt><trkpt lat="46.404110479634255" lon="8.066030397079885"><ele>2401.4199829101562</ele></trkpt><trkpt lat="46.404130479786545" lon="8.066030397079885"><ele>2401.5499877929688</ele></trkpt><trkpt lat="46.40414047986269" lon="8.066010397393256"><ele>2402.1699829101562</ele></trkpt><trkpt lat="46.404170480091125" lon="8.065920397173613"><ele>2403.269989013672</ele></trkpt><trkpt lat="46.404190480243415" lon="8.065920397639275"><ele>2403.7999877929688</ele></trkpt><trkpt lat="46.404210480395705" lon="8.06589039741084"><ele>2404.0599975585938</ele></trkpt><trkpt lat="46.40424048062414" lon="8.065920397639275"><ele>2405.6299743652344</ele></trkpt><trkpt lat="46.40426048077643" lon="8.06595039786771"><ele>2406.459991455078</ele></trkpt><trkpt lat="46.40428048092872" lon="8.065940397791564"><ele>2406.6099853515625</ele></trkpt><trkpt lat="46.40431048069149" lon="8.065920398104936"><ele>2406.75</ele></trkpt><trkpt lat="46.40435048099607" lon="8.06593039818108"><ele>2407.3299865722656</ele></trkpt><trkpt lat="46.40437048114836" lon="8.06593039818108"><ele>2407.97998046875</ele></trkpt><trkpt lat="46.40438048122451" lon="8.06595039833337"><ele>2408.6699829101562</ele></trkpt><trkpt lat="46.40439048130065" lon="8.066000398714095"><ele>2410.529998779297</ele></trkpt><trkpt lat="46.40442048152909" lon="8.066060398705304"><ele>2411.8799743652344</ele></trkpt><trkpt lat="46.40445048175752" lon="8.066020398866385"><ele>2412.209991455078</ele></trkpt><trkpt lat="46.40446048183367" lon="8.06603039894253"><ele>2412.8499755859375</ele></trkpt><trkpt lat="46.40447048190981" lon="8.066040399018675"><ele>2413.0899963378906</ele></trkpt><trkpt lat="46.4044904820621" lon="8.066040399018675"><ele>2412.969970703125</ele></trkpt><trkpt lat="46.404520481824875" lon="8.066040399018675"><ele>2413.3399963378906</ele></trkpt><trkpt lat="46.404540481977165" lon="8.066040399018675"><ele>2413.5499877929688</ele></trkpt><trkpt lat="46.40458048181608" lon="8.06607039924711"><ele>2413.3099975585938</ele></trkpt><trkpt lat="46.40461048204452" lon="8.066080398857594"><ele>2413.2899780273438</ele></trkpt><trkpt lat="46.40462048212066" lon="8.06607039924711"><ele>2413.3699951171875</ele></trkpt><trkpt lat="46.4046504823491" lon="8.066060399170965"><ele>2413.719970703125</ele></trkpt><trkpt lat="46.404670482035726" lon="8.06607039924711"><ele>2414.1399841308594</ele></trkpt><trkpt lat="46.40468048257753" lon="8.06611039955169"><ele>2415.709991455078</ele></trkpt><trkpt lat="46.40468048257753" lon="8.066120399627835"><ele>2416.2899780273438</ele></trkpt><trkpt lat="46.40469048265368" lon="8.06613039970398"><ele>2416.9299926757812</ele></trkpt><trkpt lat="46.40470048272982" lon="8.066140399780124"><ele>2417.529998779297</ele></trkpt><trkpt lat="46.404700483195484" lon="8.06617040000856"><ele>2418.4299926757812</ele></trkpt><trkpt lat="46.404700483195484" lon="8.066200400236994"><ele>2419.8099975585938</ele></trkpt><trkpt lat="46.404690483585" lon="8.066220399923623"><ele>2420.279998779297</ele></trkpt><trkpt lat="46.404680483508855" lon="8.066220400389284"><ele>2420.699981689453</ele></trkpt><trkpt lat="46.40466048382223" lon="8.066230400465429"><ele>2421.489990234375</ele></trkpt><trkpt lat="46.40464048366994" lon="8.066220400389284"><ele>2421.739990234375</ele></trkpt><trkpt lat="46.40463048359379" lon="8.066230400465429"><ele>2422.0999755859375</ele></trkpt><trkpt lat="46.40463048405945" lon="8.066270400304347"><ele>2422.439971923828</ele></trkpt><trkpt lat="46.40463048405945" lon="8.066280400380492"><ele>2422.519989013672</ele></trkpt><trkpt lat="46.4046404841356" lon="8.066300400532782"><ele>2422.9199829101562</ele></trkpt><trkpt lat="46.40466048428789" lon="8.066310400608927"><ele>2423.6499938964844</ele></trkpt><trkpt lat="46.40469048405066" lon="8.066320400685072"><ele>2424.25</ele></trkpt><trkpt lat="46.40469048451632" lon="8.066350400913507"><ele>2424.8499755859375</ele></trkpt><trkpt lat="46.40470048459247" lon="8.066360400989652"><ele>2425.1699829101562</ele></trkpt><trkpt lat="46.40471048420295" lon="8.066370401065797"><ele>2425.3699951171875</ele></trkpt><trkpt lat="46.40473048435524" lon="8.066380401141942"><ele>2426.0699768066406</ele></trkpt><trkpt lat="46.404740484431386" lon="8.066390401218086"><ele>2426.4199829101562</ele></trkpt><trkpt lat="46.40475048450753" lon="8.066360400989652"><ele>2426.8099975585938</ele></trkpt><trkpt lat="46.40479048481211" lon="8.066350401379168"><ele>2426.72998046875</ele></trkpt><trkpt lat="46.404820484574884" lon="8.066380401141942"><ele>2427.2999877929688</ele></trkpt><trkpt lat="46.40485048480332" lon="8.066370401531458"><ele>2427.6299743652344</ele></trkpt><trkpt lat="46.404860484879464" lon="8.066380401607603"><ele>2428.489990234375</ele></trkpt><trkpt lat="46.4048904851079" lon="8.066380401607603"><ele>2429.4299926757812</ele></trkpt><trkpt lat="46.40491048526019" lon="8.066390401683748"><ele>2429.459991455078</ele></trkpt><trkpt lat="46.40491048526019" lon="8.066410401836038"><ele>2429.769989013672</ele></trkpt><trkpt lat="46.40491048526019" lon="8.066450401674956"><ele>2430.019989013672</ele></trkpt><trkpt lat="46.404900485184044" lon="8.066470401827246"><ele>2430.1799926757812</ele></trkpt><trkpt lat="46.404880485497415" lon="8.06648040190339"><ele>2430.9199829101562</ele></trkpt><trkpt lat="46.40486048581079" lon="8.066490401979536"><ele>2431.519989013672</ele></trkpt><trkpt lat="46.4048404856585" lon="8.06650040205568"><ele>2432.6499938964844</ele></trkpt><trkpt lat="46.40482048597187" lon="8.066490402445197"><ele>2432.8799743652344</ele></trkpt><trkpt lat="46.40479048574343" lon="8.066480402369052"><ele>2433.259979248047</ele></trkpt><trkpt lat="46.40478048613295" lon="8.066490402445197"><ele>2433.5799865722656</ele></trkpt><trkpt lat="46.40472048614174" lon="8.066530402749777"><ele>2435.3899841308594</ele></trkpt><trkpt lat="46.4047204866074" lon="8.066590402740985"><ele>2437.0999755859375</ele></trkpt><trkpt lat="46.40473048668355" lon="8.066670402884483"><ele>2437.8199768066406</ele></trkpt><trkpt lat="46.40476048691198" lon="8.066730402875692"><ele>2437.9299926757812</ele></trkpt><trkpt lat="46.404830487445" lon="8.06689040362835"><ele>2440.969970703125</ele></trkpt><trkpt lat="46.40485048759729" lon="8.066920403856784"><ele>2442.0</ele></trkpt><trkpt lat="46.40487048774958" lon="8.066930403932929"><ele>2442.3999938964844</ele></trkpt><trkpt lat="46.404890487901866" lon="8.066980403847992"><ele>2443.2899780273438</ele></trkpt><trkpt lat="46.40490048797801" lon="8.067010404076427"><ele>2443.97998046875</ele></trkpt><trkpt lat="46.40488048829138" lon="8.067070404067636"><ele>2444.8199768066406</ele></trkpt><trkpt lat="46.40487048821524" lon="8.06712040444836"><ele>2445.529998779297</ele></trkpt><trkpt lat="46.40489048883319" lon="8.06716040475294"><ele>2447.949981689453</ele></trkpt><trkpt lat="46.40489048883319" lon="8.067200404591858"><ele>2447.9199829101562</ele></trkpt><trkpt lat="46.40489048883319" lon="8.067240404896438"><ele>2448.1699829101562</ele></trkpt><trkpt lat="46.404920489061624" lon="8.067300404887646"><ele>2448.199981689453</ele></trkpt><trkpt lat="46.40494048874825" lon="8.067370404489338"><ele>2447.8399963378906</ele></trkpt><trkpt lat="46.4049504888244" lon="8.067410404793918"><ele>2448.199981689453</ele></trkpt><trkpt lat="46.40497048897669" lon="8.067430404946208"><ele>2448.8599853515625</ele></trkpt><trkpt lat="46.40500048920512" lon="8.067460405174643"><ele>2450.2999877929688</ele></trkpt><trkpt lat="46.40500048920512" lon="8.067470405250788"><ele>2450.5899963378906</ele></trkpt><trkpt lat="46.40501048928127" lon="8.067500405479223"><ele>2451.3299865722656</ele></trkpt><trkpt lat="46.40502048935741" lon="8.067510405089706"><ele>2451.6299743652344</ele></trkpt><trkpt lat="46.40502048982307" lon="8.067510405555367"><ele>2451.739990234375</ele></trkpt><trkpt lat="46.40505048958585" lon="8.067510405555367"><ele>2452.1699829101562</ele></trkpt><trkpt lat="46.40506048966199" lon="8.067540405318141"><ele>2453.0</ele></trkpt><trkpt lat="46.40510048996657" lon="8.06758040562272"><ele>2453.449981689453</ele></trkpt><trkpt lat="46.40514048980549" lon="8.067630405537784"><ele>2453.8399963378906</ele></trkpt><trkpt lat="46.405170490033925" lon="8.067660405766219"><ele>2453.9099731445312</ele></trkpt><trkpt lat="46.40518049011007" lon="8.067690405528992"><ele>2454.0799865722656</ele></trkpt><trkpt lat="46.405210490338504" lon="8.067740405909717"><ele>2454.47998046875</ele></trkpt><trkpt lat="46.40523049002513" lon="8.067800405900925"><ele>2454.469970703125</ele></trkpt><trkpt lat="46.40527049032971" lon="8.067860405892134"><ele>2454.489990234375</ele></trkpt><trkpt lat="46.405300490092486" lon="8.067900405731052"><ele>2454.8799743652344</ele></trkpt><trkpt lat="46.405320490244776" lon="8.067940406035632"><ele>2455.959991455078</ele></trkpt><trkpt lat="46.40535049093887" lon="8.067990406416357"><ele>2457.469970703125</ele></trkpt><trkpt lat="46.40541049093008" lon="8.068040406797081"><ele>2459.3399963378906</ele></trkpt><trkpt lat="46.405460491310805" lon="8.06810040678829"><ele>2460.779998779297</ele></trkpt><trkpt lat="46.405500491615385" lon="8.068170406855643"><ele>2461.97998046875</ele></trkpt><trkpt lat="46.405500491615385" lon="8.068170406855643"><ele>2462.029998779297</ele></trkpt><trkpt lat="46.405540491919965" lon="8.068210407160223"><ele>2463.0999755859375</ele></trkpt><trkpt lat="46.40558049175888" lon="8.068220407236367"><ele>2463.699981689453</ele></trkpt><trkpt lat="46.40586049249396" lon="8.068190407939255"><ele>2466.3999938964844</ele></trkpt><trkpt lat="46.405920492485166" lon="8.0682004080154"><ele>2467.3999938964844</ele></trkpt><trkpt lat="46.40597049286589" lon="8.068230408243835"><ele>2468.5</ele></trkpt><trkpt lat="46.405980492942035" lon="8.06824040831998"><ele>2468.739990234375</ele></trkpt><trkpt lat="46.405980492942035" lon="8.068250408396125"><ele>2468.9299926757812</ele></trkpt><trkpt lat="46.40601049317047" lon="8.068310408387333"><ele>2469.699981689453</ele></trkpt><trkpt lat="46.406020493246615" lon="8.068350408226252"><ele>2470.3099975585938</ele></trkpt><trkpt lat="46.406020493246615" lon="8.068390408530831"><ele>2470.7999877929688</ele></trkpt><trkpt lat="46.406040493398905" lon="8.068420408759266"><ele>2471.1099853515625</ele></trkpt><trkpt lat="46.406060493551195" lon="8.06845040852204"><ele>2471.2899780273438</ele></trkpt><trkpt lat="46.40607049362734" lon="8.068530408665538"><ele>2471.6799926757812</ele></trkpt><trkpt lat="46.406080493703485" lon="8.068540408741683"><ele>2471.72998046875</ele></trkpt><trkpt lat="46.40613049361855" lon="8.068630408961326"><ele>2472.469970703125</ele></trkpt><trkpt lat="46.40615049377084" lon="8.06870040902868"><ele>2473.739990234375</ele></trkpt><trkpt lat="46.40617049392313" lon="8.068750408943743"><ele>2474.689971923828</ele></trkpt><trkpt lat="46.40619049407542" lon="8.068800409324467"><ele>2474.8099975585938</ele></trkpt><trkpt lat="46.40621049422771" lon="8.068840409163386"><ele>2474.9199829101562</ele></trkpt><trkpt lat="46.406290494371206" lon="8.068920409306884"><ele>2474.6499938964844</ele></trkpt><trkpt lat="46.406370494514704" lon="8.069010409526527"><ele>2475.939971923828</ele></trkpt><trkpt lat="46.406370494514704" lon="8.069010409526527"><ele>2475.959991455078</ele></trkpt><trkpt lat="46.406370494514704" lon="8.06902040913701"><ele>2476.0499877929688</ele></trkpt><trkpt lat="46.40640049474314" lon="8.06908040959388"><ele>2476.7999877929688</ele></trkpt><trkpt lat="46.40641049435362" lon="8.069210409652442"><ele>2476.5999755859375</ele></trkpt><trkpt lat="46.40647049434483" lon="8.069310409482569"><ele>2476.5999755859375</ele></trkpt><trkpt lat="46.406480494420975" lon="8.069410409312695"><ele>2476.3999938964844</ele></trkpt><trkpt lat="46.4065304948017" lon="8.069560409523547"><ele>2477.5999755859375</ele></trkpt><trkpt lat="46.40659049479291" lon="8.06965040974319"><ele>2478.509979248047</ele></trkpt><trkpt lat="46.40659049479291" lon="8.06965040974319"><ele>2478.519989013672</ele></trkpt><trkpt lat="46.40659049479291" lon="8.069660409819335"><ele>2478.5699768066406</ele></trkpt><trkpt lat="46.40664049517363" lon="8.069800409954041"><ele>2479.029998779297</ele></trkpt><trkpt lat="46.4066904950887" lon="8.069910409860313"><ele>2480.009979248047</ele></trkpt><trkpt lat="46.40672049531713" lon="8.069980410393327"><ele>2481.519989013672</ele></trkpt><trkpt lat="46.40673049585894" lon="8.07007041061297"><ele>2482.5699768066406</ele></trkpt><trkpt lat="46.40676049562171" lon="8.070150410756469"><ele>2483.259979248047</ele></trkpt><trkpt lat="46.406790495850146" lon="8.070180410519242"><ele>2483.5899963378906</ele></trkpt><trkpt lat="46.406850495841354" lon="8.07026041066274"><ele>2483.5899963378906</ele></trkpt><trkpt lat="46.40688049606979" lon="8.070300410501659"><ele>2483.259979248047</ele></trkpt><trkpt lat="46.40693049598485" lon="8.070350410416722"><ele>2483.3099975585938</ele></trkpt><trkpt lat="46.40695049567148" lon="8.070370410569012"><ele>2483.3399963378906</ele></trkpt><trkpt lat="46.40699049597606" lon="8.070420410949737"><ele>2484.0999755859375</ele></trkpt><trkpt lat="46.407000496052206" lon="8.07043041056022"><ele>2484.279998779297</ele></trkpt><trkpt lat="46.407060496043414" lon="8.070500411093235"><ele>2485.3299865722656</ele></trkpt><trkpt lat="46.40707049611956" lon="8.070500411093235"><ele>2485.3599853515625</ele></trkpt><trkpt lat="46.407100496347994" lon="8.070520411245525"><ele>2485.6499938964844</ele></trkpt><trkpt lat="46.40713049611077" lon="8.070540410932153"><ele>2485.6199951171875</ele></trkpt><trkpt lat="46.40714049618691" lon="8.070540410932153"><ele>2485.6099853515625</ele></trkpt><trkpt lat="46.4071604963392" lon="8.070550411008298"><ele>2485.5399780273438</ele></trkpt><trkpt lat="46.40717049641535" lon="8.070560411084443"><ele>2485.3999938964844</ele></trkpt><trkpt lat="46.40720049617812" lon="8.070600410923362"><ele>2485.0899963378906</ele></trkpt><trkpt lat="46.407210496254265" lon="8.070600410923362"><ele>2485.1099853515625</ele></trkpt><trkpt lat="46.407230496406555" lon="8.070630411151797"><ele>2485.25</ele></trkpt><trkpt lat="46.407250496558845" lon="8.07066041091457"><ele>2485.9099731445312</ele></trkpt><trkpt lat="46.40728049632162" lon="8.070670410990715"><ele>2486.6299743652344</ele></trkpt><trkpt lat="46.40730049647391" lon="8.07068041106686"><ele>2487.0399780273438</ele></trkpt><trkpt lat="46.40735049685463" lon="8.070680411532521"><ele>2487.509979248047</ele></trkpt><trkpt lat="46.40733049670234" lon="8.07070041121915"><ele>2487.72998046875</ele></trkpt><trkpt lat="46.4073204966262" lon="8.070710411295295"><ele>2487.769989013672</ele></trkpt><trkpt lat="46.40731049655005" lon="8.070710411295295"><ele>2487.759979248047</ele></trkpt><trkpt lat="46.40731049655005" lon="8.070710411295295"><ele>2487.759979248047</ele></trkpt><trkpt lat="46.40730049693957" lon="8.07072041137144"><ele>2487.9199829101562</ele></trkpt><trkpt lat="46.40728049678728" lon="8.07074041152373"><ele>2487.739990234375</ele></trkpt><trkpt lat="46.407250496558845" lon="8.070780411362648"><ele>2487.3599853515625</ele></trkpt><trkpt lat="46.40722049679607" lon="8.070800411514938"><ele>2487.3599853515625</ele></trkpt><trkpt lat="46.40720049664378" lon="8.070840411353856"><ele>2487.5699768066406</ele></trkpt><trkpt lat="46.40718049695715" lon="8.070880411192775"><ele>2487.6799926757812</ele></trkpt><trkpt lat="46.40718049695715" lon="8.070880411192775"><ele>2487.689971923828</ele></trkpt><trkpt lat="46.40718049695715" lon="8.070880411192775"><ele>2487.699981689453</ele></trkpt><trkpt lat="46.40716049680486" lon="8.07091041142121"><ele>2487.72998046875</ele></trkpt><trkpt lat="46.40714049665257" lon="8.070940411183983"><ele>2487.75</ele></trkpt><trkpt lat="46.40714049665257" lon="8.070960411336273"><ele>2487.8899841308594</ele></trkpt><trkpt lat="46.40714049665257" lon="8.070970411412418"><ele>2488.0</ele></trkpt><trkpt lat="46.40713049704209" lon="8.071030411403626"><ele>2488.2999877929688</ele></trkpt><trkpt lat="46.407120496965945" lon="8.071130411699414"><ele>2488.5399780273438</ele></trkpt><trkpt lat="46.407120496965945" lon="8.071140411309898"><ele>2488.489990234375</ele></trkpt><trkpt lat="46.407120496965945" lon="8.071150411386043"><ele>2488.47998046875</ele></trkpt><trkpt lat="46.4071104968898" lon="8.071180411614478"><ele>2488.4099731445312</ele></trkpt><trkpt lat="46.4071104968898" lon="8.071200411301106"><ele>2488.449981689453</ele></trkpt><trkpt lat="46.4071104968898" lon="8.071350411511958"><ele>2489.5499877929688</ele></trkpt><trkpt lat="46.4071104968898" lon="8.071360411588103"><ele>2489.5499877929688</ele></trkpt><trkpt lat="46.407120496965945" lon="8.071390411816537"><ele>2489.5999755859375</ele></trkpt><trkpt lat="46.407140497118235" lon="8.071450411807746"><ele>2489.5</ele></trkpt><trkpt lat="46.40715049719438" lon="8.071510411798954"><ele>2489.1699829101562</ele></trkpt><trkpt lat="46.40715049719438" lon="8.071510411798954"><ele>2489.1399841308594</ele></trkpt><trkpt lat="46.40715049672872" lon="8.071540411561728"><ele>2488.8599853515625</ele></trkpt><trkpt lat="46.40714049665257" lon="8.071570411324501"><ele>2488.2999877929688</ele></trkpt><trkpt lat="46.407100496347994" lon="8.071700410917401"><ele>2486.0</ele></trkpt><trkpt lat="46.40709049627185" lon="8.071750411298126"><ele>2486.3999938964844</ele></trkpt><trkpt lat="46.407080496661365" lon="8.071790411137044"><ele>2486.6399841308594</ele></trkpt><trkpt lat="46.407060496509075" lon="8.07182041136548"><ele>2486.7999877929688</ele></trkpt><trkpt lat="46.407040496356785" lon="8.071860411204398"><ele>2486.75</ele></trkpt><trkpt lat="46.407040496356785" lon="8.071870411280543"><ele>2486.739990234375</ele></trkpt><trkpt lat="46.40700049651787" lon="8.071910411119461"><ele>2486.47998046875</ele></trkpt><trkpt lat="46.40695049613714" lon="8.071930411271751"><ele>2485.7899780273438</ele></trkpt><trkpt lat="46.406910496298224" lon="8.07197041111067"><ele>2484.5699768066406</ele></trkpt><trkpt lat="46.406890496145934" lon="8.072020411025733"><ele>2483.759979248047</ele></trkpt><trkpt lat="46.40688049606979" lon="8.072110410779715"><ele>2483.3499755859375</ele></trkpt><trkpt lat="46.40686049545184" lon="8.072200410533696"><ele>2482.1399841308594</ele></trkpt><trkpt lat="46.40683049475774" lon="8.072470409795642"><ele>2478.239990234375</ele></trkpt><trkpt lat="46.40681049413979" lon="8.072620409540832"><ele>2475.5699768066406</ele></trkpt><trkpt lat="46.406820494215935" lon="8.072780409362167"><ele>2474.459991455078</ele></trkpt><trkpt lat="46.406820493750274" lon="8.072910409420729"><ele>2473.6199951171875</ele></trkpt><trkpt lat="46.406820493750274" lon="8.073050409089774"><ele>2472.449981689453</ele></trkpt><trkpt lat="46.40686049358919" lon="8.073060409165919"><ele>2472.5899963378906</ele></trkpt><trkpt lat="46.40688049374148" lon="8.073050409089774"><ele>2473.0799865722656</ele></trkpt><trkpt lat="46.40690049389377" lon="8.073030409403145"><ele>2473.529998779297</ele></trkpt><trkpt lat="46.40694049466401" lon="8.072920409496874"><ele>2476.1299743652344</ele></trkpt><trkpt lat="46.40696049435064" lon="8.07291040988639"><ele>2476.6499938964844</ele></trkpt><trkpt lat="46.40697049489245" lon="8.072930409573019"><ele>2477.219970703125</ele></trkpt><trkpt lat="46.40700049465522" lon="8.073020409792662"><ele>2477.9199829101562</ele></trkpt><trkpt lat="46.40702049480751" lon="8.073050410021096"><ele>2478.3499755859375</ele></trkpt><trkpt lat="46.40703049488366" lon="8.073070410173386"><ele>2479.0899963378906</ele></trkpt><trkpt lat="46.40706049557775" lon="8.073070410173386"><ele>2480.8199768066406</ele></trkpt><trkpt lat="46.40708049573004" lon="8.07301041064784"><ele>2481.969970703125</ele></trkpt><trkpt lat="46.40712049603462" lon="8.072880411054939"><ele>2483.8599853515625</ele></trkpt><trkpt lat="46.40715049626306" lon="8.072810410987586"><ele>2485.5799865722656</ele></trkpt><trkpt lat="46.40716049680486" lon="8.072740411385894"><ele>2487.1099853515625</ele></trkpt><trkpt lat="46.40721049718559" lon="8.072640412021428"><ele>2489.6399841308594</ele></trkpt><trkpt lat="46.40724049741402" lon="8.072590412106365"><ele>2491.3399963378906</ele></trkpt><trkpt lat="46.40726049756631" lon="8.072560412343591"><ele>2492.3299865722656</ele></trkpt><trkpt lat="46.40730049787089" lon="8.072520412504673"><ele>2493.939971923828</ele></trkpt><trkpt lat="46.40735049825162" lon="8.072500412818044"><ele>2495.519989013672</ele></trkpt><trkpt lat="46.4073904985562" lon="8.0724904127419"><ele>2496.6199951171875</ele></trkpt><trkpt lat="46.40744049847126" lon="8.07249041320756"><ele>2497.689971923828</ele></trkpt><trkpt lat="46.40748049877584" lon="8.072500413283706"><ele>2498.9299926757812</ele></trkpt><trkpt lat="46.407510499004275" lon="8.072520413435996"><ele>2499.6799926757812</ele></trkpt><trkpt lat="46.407550499308854" lon="8.07255041366443"><ele>2500.5499877929688</ele></trkpt><trkpt lat="46.407590499613434" lon="8.072590413503349"><ele>2501.4199829101562</ele></trkpt><trkpt lat="46.40763049945235" lon="8.072650413960218"><ele>2502.4299926757812</ele></trkpt><trkpt lat="46.40765049960464" lon="8.072700413875282"><ele>2502.989990234375</ele></trkpt><trkpt lat="46.40768049983308" lon="8.072740414179862"><ele>2503.5</ele></trkpt><trkpt lat="46.40770049998537" lon="8.07278041401878"><ele>2504.1699829101562</ele></trkpt><trkpt lat="46.40772050013766" lon="8.07282041432336"><ele>2504.5999755859375</ele></trkpt><trkpt lat="46.40775050036609" lon="8.072870414238423"><ele>2505.509979248047</ele></trkpt><trkpt lat="46.40778050059453" lon="8.072920414619148"><ele>2506.519989013672</ele></trkpt><trkpt lat="46.40781050082296" lon="8.072970414534211"><ele>2507.5999755859375</ele></trkpt><trkpt lat="46.40783050097525" lon="8.073010414838791"><ele>2508.5599975585938</ele></trkpt><trkpt lat="46.40785050112754" lon="8.073080415371805"><ele>2510.3499755859375</ele></trkpt><trkpt lat="46.40787050174549" lon="8.073160415515304"><ele>2512.209991455078</ele></trkpt><trkpt lat="46.40789050189778" lon="8.073230416048318"><ele>2514.3699951171875</ele></trkpt><trkpt lat="46.40791050251573" lon="8.073290416039526"><ele>2516.3099975585938</ele></trkpt><trkpt lat="46.40793050266802" lon="8.073340416420251"><ele>2517.9199829101562</ele></trkpt><trkpt lat="46.40796050289646" lon="8.07338041672483"><ele>2519.3999938964844</ele></trkpt><trkpt lat="46.40799050312489" lon="8.07344041671604"><ele>2520.9299926757812</ele></trkpt><trkpt lat="46.40805050358176" lon="8.073510417249054"><ele>2523.489990234375</ele></trkpt><trkpt lat="46.4080805038102" lon="8.073560417629778"><ele>2524.509979248047</ele></trkpt><trkpt lat="46.40812050411478" lon="8.073610417544842"><ele>2525.439971923828</ele></trkpt><trkpt lat="46.40815050434321" lon="8.073660417925566"><ele>2526.3099975585938</ele></trkpt><trkpt lat="46.40818050457165" lon="8.073680418077856"><ele>2527.019989013672</ele></trkpt><trkpt lat="46.408200504723936" lon="8.07371041784063"><ele>2527.5399780273438</ele></trkpt><trkpt lat="46.40821050480008" lon="8.073760418221354"><ele>2528.4299926757812</ele></trkpt><trkpt lat="46.408240505028516" lon="8.07381041860208"><ele>2529.8099975585938</ele></trkpt><trkpt lat="46.40827050525695" lon="8.073840418364853"><ele>2530.9299926757812</ele></trkpt><trkpt lat="46.408340505789965" lon="8.073890419211239"><ele>2533.739990234375</ele></trkpt><trkpt lat="46.408360505942255" lon="8.073910419363528"><ele>2534.6199951171875</ele></trkpt><trkpt lat="46.408380506094545" lon="8.073940419126302"><ele>2535.449981689453</ele></trkpt><trkpt lat="46.408400506246835" lon="8.073970419354737"><ele>2536.3199768066406</ele></trkpt><trkpt lat="46.408440506551415" lon="8.073990419507027"><ele>2537.6699829101562</ele></trkpt><trkpt lat="46.408480506855994" lon="8.074020419735461"><ele>2538.9199829101562</ele></trkpt><trkpt lat="46.40851050708443" lon="8.074100420344621"><ele>2540.8299865722656</ele></trkpt><trkpt lat="46.40855050738901" lon="8.074150420259684"><ele>2542.5799865722656</ele></trkpt><trkpt lat="46.408620508387685" lon="8.074300421401858"><ele>2547.3399963378906</ele></trkpt><trkpt lat="46.40865050908178" lon="8.074410421773791"><ele>2549.8299865722656</ele></trkpt><trkpt lat="46.408700509462506" lon="8.074450422078371"><ele>2552.1799926757812</ele></trkpt><trkpt lat="46.408720509614795" lon="8.074500422459096"><ele>2553.22998046875</ele></trkpt><trkpt lat="46.4087305101566" lon="8.074580422602594"><ele>2555.1799926757812</ele></trkpt><trkpt lat="46.40874051023275" lon="8.074680422898382"><ele>2557.1399841308594</ele></trkpt><trkpt lat="46.40874051069841" lon="8.07476042304188"><ele>2559.0599975585938</ele></trkpt><trkpt lat="46.40876051131636" lon="8.07482042349875"><ele>2560.9099731445312</ele></trkpt><trkpt lat="46.40880051162094" lon="8.07486042380333"><ele>2562.5</ele></trkpt><trkpt lat="46.40884051192552" lon="8.07490042410791"><ele>2564.3399963378906</ele></trkpt><trkpt lat="46.40892051253468" lon="8.075010424945503"><ele>2568.6299743652344</ele></trkpt><trkpt lat="46.40898051299155" lon="8.075020425021648"><ele>2571.0</ele></trkpt><trkpt lat="46.40901051321998" lon="8.075050425250083"><ele>2572.209991455078</ele></trkpt><trkpt lat="46.40904051391408" lon="8.075100425630808"><ele>2574.279998779297</ele></trkpt><trkpt lat="46.40908051421866" lon="8.075140425935388"><ele>2577.029998779297</ele></trkpt><trkpt lat="46.409130515065044" lon="8.075210426468402"><ele>2580.0899963378906</ele></trkpt><trkpt lat="46.40918051544577" lon="8.075270426925272"><ele>2582.72998046875</ele></trkpt><trkpt lat="46.40926051605493" lon="8.075400427449495"><ele>2585.759979248047</ele></trkpt><trkpt lat="46.40932051697746" lon="8.075560428202152"><ele>2589.3799743652344</ele></trkpt><trkpt lat="46.409370517823845" lon="8.07570042880252"><ele>2594.0499877929688</ele></trkpt><trkpt lat="46.409370517823845" lon="8.075700429268181"><ele>2595.029998779297</ele></trkpt><trkpt lat="46.40940051805228" lon="8.075750429183245"><ele>2596.0</ele></trkpt><trkpt lat="46.409410518594086" lon="8.075900429859757"><ele>2599.6799926757812</ele></trkpt><trkpt lat="46.40939051890746" lon="8.075980430003256"><ele>2601.3799743652344</ele></trkpt><trkpt lat="46.409400519449264" lon="8.076020430307835"><ele>2602.1799926757812</ele></trkpt><trkpt lat="46.40944051975384" lon="8.07605043053627"><ele>2603.6799926757812</ele></trkpt><trkpt lat="46.40948052005842" lon="8.076150430832058"><ele>2606.6599731445312</ele></trkpt><trkpt lat="46.40949052013457" lon="8.076160430908203"><ele>2607.459991455078</ele></trkpt><trkpt lat="46.409500520676374" lon="8.076250431593508"><ele>2609.8299865722656</ele></trkpt><trkpt lat="46.40957052167505" lon="8.076330432202667"><ele>2614.7999877929688</ele></trkpt><trkpt lat="46.40963052259758" lon="8.076380433049053"><ele>2618.3199768066406</ele></trkpt><trkpt lat="46.409680522978306" lon="8.076400433201343"><ele>2620.439971923828</ele></trkpt><trkpt lat="46.409720523282886" lon="8.076440433505923"><ele>2622.939971923828</ele></trkpt><trkpt lat="46.40976052405313" lon="8.076460434123874"><ele>2625.2999877929688</ele></trkpt><trkpt lat="46.409820524509996" lon="8.076480434276164"><ele>2627.7999877929688</ele></trkpt><trkpt lat="46.409860524814576" lon="8.076530434656888"><ele>2629.739990234375</ele></trkpt><trkpt lat="46.409880524966866" lon="8.076590435113758"><ele>2631.219970703125</ele></trkpt><trkpt lat="46.4099105251953" lon="8.076610435266048"><ele>2632.439971923828</ele></trkpt><trkpt lat="46.40997052565217" lon="8.076610435731709"><ele>2634.969970703125</ele></trkpt><trkpt lat="46.410020526032895" lon="8.076610435731709"><ele>2636.5899963378906</ele></trkpt><trkpt lat="46.410080526489764" lon="8.07657043589279"><ele>2637.779998779297</ele></trkpt><trkpt lat="46.41014052648097" lon="8.076470436062664"><ele>2638.6399841308594</ele></trkpt><trkpt lat="46.41018052678555" lon="8.076340436469764"><ele>2638.97998046875</ele></trkpt><trkpt lat="46.41020052647218" lon="8.07625043625012"><ele>2639.469970703125</ele></trkpt><trkpt lat="46.41024052677676" lon="8.076190436258912"><ele>2639.5799865722656</ele></trkpt><trkpt lat="46.41028052661568" lon="8.076190436258912"><ele>2639.5599975585938</ele></trkpt><trkpt lat="46.41033052653074" lon="8.076210436411202"><ele>2639.509979248047</ele></trkpt><trkpt lat="46.410440526437014" lon="8.076210436411202"><ele>2639.3199768066406</ele></trkpt><trkpt lat="46.41049052635208" lon="8.076170436106622"><ele>2638.719970703125</ele></trkpt><trkpt lat="46.41052052611485" lon="8.076110436115414"><ele>2637.6299743652344</ele></trkpt><trkpt lat="46.410530526190996" lon="8.075980435591191"><ele>2635.8999938964844</ele></trkpt><trkpt lat="46.41055052541196" lon="8.075840435456485"><ele>2632.8599853515625</ele></trkpt><trkpt lat="46.41056052502245" lon="8.075750435236841"><ele>2631.6299743652344</ele></trkpt><trkpt lat="46.41057052509859" lon="8.07581043522805"><ele>2632.509979248047</ele></trkpt><trkpt lat="46.4105805256404" lon="8.07585043553263"><ele>2633.3199768066406</ele></trkpt><trkpt lat="46.41060052579269" lon="8.075930435676128"><ele>2634.509979248047</ele></trkpt><trkpt lat="46.41061052586883" lon="8.075990435667336"><ele>2635.3099975585938</ele></trkpt><trkpt lat="46.41062052594498" lon="8.07602043589577"><ele>2635.739990234375</ele></trkpt><trkpt lat="46.410670526791364" lon="8.076310436241329"><ele>2638.9299926757812</ele></trkpt><trkpt lat="46.410670526791364" lon="8.076370436232537"><ele>2639.6599731445312</ele></trkpt><trkpt lat="46.4106505275704" lon="8.076530436985195"><ele>2642.8499755859375</ele></trkpt><trkpt lat="46.41064052749425" lon="8.076610437128693"><ele>2644.4099731445312</ele></trkpt><trkpt lat="46.41061052773148" lon="8.076660437509418"><ele>2645.519989013672</ele></trkpt><trkpt lat="46.41059052804485" lon="8.076670437585562"><ele>2646.019989013672</ele></trkpt><trkpt lat="46.41057052835822" lon="8.076700437813997"><ele>2647.199981689453</ele></trkpt><trkpt lat="46.41057052835822" lon="8.076710437424481"><ele>2647.259979248047</ele></trkpt><trkpt lat="46.410560528282076" lon="8.076720437500626"><ele>2647.3099975585938</ele></trkpt><trkpt lat="46.410580528434366" lon="8.076720437500626"><ele>2647.3099975585938</ele></trkpt></trkseg></trk></gpx>